website,flight_duration_and_stop,baggage_info,price,flight_info,flight_details,flight_layover
www.booking.com,1 stop · 5h 00m,['1 personal itemFits under the seat in front of youIncluded'],$138.96,"[['SAS', 'SK1705 · Economy', 'Flight time 1h 45m', 'Flight time 1 hour 45 minutes'], ['SAS', 'Operated by Sas Connect', 'SK539 · Economy', 'Flight time 2h 00m', 'Flight time 2 hours 00 minutes']]","[['Mon 18 Dec · 06:30HEL · Helsinki', 'Mon 18 Dec · 07:15CPH · Copenhagen Apt'], ['Mon 18 Dec · 08:30CPH · Copenhagen Apt', 'Mon 18 Dec · 09:30MAN · Manchester International Apt'], ['1 personal itemFits under the seat in front of youIncluded', 'Baggage policy:SAS'], ['Cabin bagFrom $12.74Available in the next steps', 'Checked bagFrom $32.92Available in the next steps']]","[['Mon 18 Dec · 06:30HEL · HelsinkiMon 18 Dec · 07:15CPH · Copenhagen Apt', 'SASSK1705 · EconomyFlight time 1h 45mFlight time 1 hour 45 minutes'], ['', 'Layover 1h 15mLayover 1 hour 15 minutes'], ['Mon 18 Dec · 08:30CPH · Copenhagen AptMon 18 Dec · 09:30MAN · Manchester International Apt', 'SASOperated by Sas ConnectSK539 · EconomyFlight time 2h 00mFlight time 2 hours 00 minutes']]"
www.booking.com,Direct · 3h 05m,['1 personal itemFits under the seat in front of youIncluded1 cabin bag9.1 x 15.8 x 21.7 cm · Max weight 17.6\xa0lbsIncluded1 checked bagMax weight 50.7\xa0lbsIncluded'],$138.96,"[['Finnair', 'AY1361 · Economy', 'Flight time 3h 05m', 'Flight time 3 hours 05 minutes']]","[['Mon 18 Dec · 08:10HEL · Helsinki', 'Mon 18 Dec · 09:15MAN · Manchester International Apt'], ['1 personal itemFits under the seat in front of youIncluded1 cabin bag9.1 x 15.8 x 21.7 cm · Max weight 17.6\xa0lbsIncluded1 checked bagMax weight 50.7\xa0lbsIncluded', 'Baggage policy:Finnair']]","[['Mon 18 Dec · 08:10HEL · HelsinkiMon 18 Dec · 09:15MAN · Manchester International Apt', 'FinnairAY1361 · EconomyFlight time 3h 05mFlight time 3 hours 05 minutes']]"
www.booking.com,Direct · 3h 05m,['1 personal itemFits under the seat in front of youIncluded1 cabin bag9.8 x 17.7 x 22.1 cmIncluded1 checked bagMax weight 50.7\xa0lbsIncluded'],$138.96,"[['British Airways', 'Operated by Finnair', 'BA6003 · Economy', 'Flight time 3h 05m', 'Flight time 3 hours 05 minutes']]","[['Mon 18 Dec · 08:10HEL · Helsinki', 'Mon 18 Dec · 09:15MAN · Manchester International Apt'], ['1 personal itemFits under the seat in front of youIncluded1 cabin bag9.8 x 17.7 x 22.1 cmIncluded1 checked bagMax weight 50.7\xa0lbsIncluded', 'Baggage policies:British Airways, Finnair']]","[['Mon 18 Dec · 08:10HEL · HelsinkiMon 18 Dec · 09:15MAN · Manchester International Apt', 'British AirwaysOperated by FinnairBA6003 · EconomyFlight time 3h 05mFlight time 3 hours 05 minutes']]"
www.booking.com,1 stop · 10h 45m,['1 personal itemFits under the seat in front of youIncluded'],$138.96,"[['SAS', 'SK2701 · Economy', 'Flight time 1h 35m', 'Flight time 1 hour 35 minutes'], ['SAS', 'SK4610 · Economy', 'Flight time 2h 15m', 'Flight time 2 hours 15 minutes']]","[['Mon 18 Dec · 11:05HEL · Helsinki', 'Mon 18 Dec · 11:40OSL · Oslo Airport'], ['Mon 18 Dec · 18:35OSL · Oslo Airport', 'Mon 18 Dec · 19:50MAN · Manchester International Apt'], ['1 personal itemFits under the seat in front of youIncluded', 'Baggage policy:SAS'], ['Cabin bagFrom $12.74Available in the next steps', 'Checked bagFrom $32.92Available in the next steps']]","[['Mon 18 Dec · 11:05HEL · HelsinkiMon 18 Dec · 11:40OSL · Oslo Airport', 'SASSK2701 · EconomyFlight time 1h 35mFlight time 1 hour 35 minutes'], ['', 'Layover 6h 55mLayover 6 hours 55 minutes'], ['Mon 18 Dec · 18:35OSL · Oslo AirportMon 18 Dec · 19:50MAN · Manchester International Apt', 'SASSK4610 · EconomyFlight time 2h 15mFlight time 2 hours 15 minutes']]"
www.booking.com,1 stop · 14h 05m,['1 personal itemFits under the seat in front of youIncluded'],$138.96,"[['SAS', 'SK1705 · Economy', 'Flight time 1h 45m', 'Flight time 1 hour 45 minutes'], ['SAS', 'Operated by Sas Connect', 'SK541 · Economy', 'Flight time 2h 00m', 'Flight time 2 hours 00 minutes']]","[['Mon 18 Dec · 06:30HEL · Helsinki', 'Mon 18 Dec · 07:15CPH · Copenhagen Apt'], ['Mon 18 Dec · 17:35CPH · Copenhagen Apt', 'Mon 18 Dec · 18:35MAN · Manchester International Apt'], ['1 personal itemFits under the seat in front of youIncluded', 'Baggage policy:SAS'], ['Cabin bagFrom $12.74Available in the next steps', 'Checked bagFrom $32.92Available in the next steps']]","[['Mon 18 Dec · 06:30HEL · HelsinkiMon 18 Dec · 07:15CPH · Copenhagen Apt', 'SASSK1705 · EconomyFlight time 1h 45mFlight time 1 hour 45 minutes'], ['', 'Layover 10h 20mLayover 10 hours 20 minutes'], ['Mon 18 Dec · 17:35CPH · Copenhagen AptMon 18 Dec · 18:35MAN · Manchester International Apt', 'SASOperated by Sas ConnectSK541 · EconomyFlight time 2h 00mFlight time 2 hours 00 minutes']]"
www.booking.com,1 stop · 5h 50m,['1 personal itemFits under the seat in front of youIncluded1 cabin bag9.1 x 15.8 x 21.7 cm · Max weight 17.6\xa0lbsIncluded'],$138.96,"[['Finnair', 'Operated by Undefined', 'AY915 · Economy', 'Flight time 1h 35m', 'Flight time 1 hour 35 minutes'], ['SAS', 'SK4610 · Economy', 'Flight time 2h 15m', 'Flight time 2 hours 15 minutes']]","[['Mon 18 Dec · 16:00HEL · Helsinki', 'Mon 18 Dec · 16:35OSL · Oslo Airport'], ['Mon 18 Dec · 18:35OSL · Oslo Airport', 'Mon 18 Dec · 19:50MAN · Manchester International Apt'], ['1 personal itemFits under the seat in front of youIncluded1 cabin bag9.1 x 15.8 x 21.7 cm · Max weight 17.6\xa0lbsIncluded', 'Baggage policies:Finnair, SAS'], ['Cabin bagFrom $12.74Available in the next steps']]","[['Mon 18 Dec · 16:00HEL · HelsinkiMon 18 Dec · 16:35OSL · Oslo Airport', 'FinnairOperated by UndefinedAY915 · EconomyFlight time 1h 35mFlight time 1 hour 35 minutes'], ['', 'Layover 2h 00mLayover 2 hours 00 minutes'], ['', 'Protected self transfer'], ['', 'Baggage collection in Oslo Airport. You must collect and re-check your baggage.'], ['Mon 18 Dec · 18:35OSL · Oslo AirportMon 18 Dec · 19:50MAN · Manchester International Apt', 'SASSK4610 · EconomyFlight time 2h 15mFlight time 2 hours 15 minutes']]"
www.booking.com,1 stop · 8h 30m,['1 personal itemFits under the seat in front of youIncluded1 cabin bag9.8 x 13.8 x 21.7 cm · Max weight 26.5\xa0lbsIncluded'],$138.96,"[['KLM', 'KL1168 · Economy', 'Flight time 2h 35m', 'Flight time 2 hours 35 minutes'], ['KLM', 'Operated by KLM Cityhopper', 'KL1081 · Economy', 'Flight time 1h 15m', 'Flight time 1 hour 15 minutes']]","[['Mon 18 Dec · 13:55HEL · Helsinki', 'Mon 18 Dec · 15:30AMS · Amsterdam'], ['Mon 18 Dec · 20:10AMS · Amsterdam', 'Mon 18 Dec · 20:25MAN · Manchester International Apt'], ['1 personal itemFits under the seat in front of youIncluded1 cabin bag9.8 x 13.8 x 21.7 cm · Max weight 26.5\xa0lbsIncluded', 'Baggage policies:KLM, KLM Cityhopper'], ['Checked bagFrom $32.92Available in the next steps']]","[['Mon 18 Dec · 13:55HEL · HelsinkiMon 18 Dec · 15:30AMS · Amsterdam', 'KLMKL1168 · EconomyFlight time 2h 35mFlight time 2 hours 35 minutes'], ['', 'Layover 4h 40mLayover 4 hours 40 minutes'], ['Mon 18 Dec · 20:10AMS · AmsterdamMon 18 Dec · 20:25MAN · Manchester International Apt', 'KLMOperated by KLM CityhopperKL1081 · EconomyFlight time 1h 15mFlight time 1 hour 15 minutes']]"
www.booking.com,2 stops · 6h 35m,['1 cabin bag21.7 x 15.8 x 9.1 cm · Max weight 17.6\xa0lbsIncluded'],$138.96,"[['Air Baltic', 'BT326 · Economy', 'Flight time 1h 00m', 'Flight time 1 hour 00 minutes'], ['Air Baltic', 'BT617 · Economy', 'Flight time 2h 25m', 'Flight time 2 hours 25 minutes'], ['Air Baltic', 'Operated by Klm', 'BT6012 · Economy', 'Flight time 1h 15m', 'Flight time 1 hour 15 minutes']]","[['Mon 18 Dec · 05:20HEL · Helsinki', 'Mon 18 Dec · 06:20RIX · Riga'], ['Mon 18 Dec · 07:35RIX · Riga', 'Mon 18 Dec · 09:00AMS · Amsterdam'], ['Mon 18 Dec · 09:40AMS · Amsterdam', 'Mon 18 Dec · 09:55MAN · Manchester International Apt'], ['1 cabin bag21.7 x 15.8 x 9.1 cm · Max weight 17.6\xa0lbsIncluded', 'Baggage policies:Air Baltic, KLM'], ['Checked bagFrom $58.80Available in the next steps']]","[['Mon 18 Dec · 05:20HEL · HelsinkiMon 18 Dec · 06:20RIX · Riga', 'Air BalticBT326 · EconomyFlight time 1h 00mFlight time 1 hour 00 minutes'], ['', 'Layover 1h 15mLayover 1 hour 15 minutes'], ['Mon 18 Dec · 07:35RIX · RigaMon 18 Dec · 09:00AMS · Amsterdam', 'Air BalticBT617 · EconomyFlight time 2h 25mFlight time 2 hours 25 minutes'], ['', 'Layover 40mLayover 40 minutes'], ['Mon 18 Dec · 09:40AMS · AmsterdamMon 18 Dec · 09:55MAN · Manchester International Apt', 'Air BalticOperated by KlmBT6012 · EconomyFlight time 1h 15mFlight time 1 hour 15 minutes']]"
www.booking.com,1 stop · 10h 05m,['1 personal itemFits under the seat in front of youIncluded1 cabin bag9.8 x 13.8 x 21.7 cm · Max weight 26.5\xa0lbsIncluded'],$138.96,"[['KLM', 'KL1168 · Economy', 'Flight time 2h 35m', 'Flight time 2 hours 35 minutes'], ['KLM', 'KL1083 · Economy', 'Flight time 1h 15m', 'Flight time 1 hour 15 minutes']]","[['Mon 18 Dec · 13:55HEL · Helsinki', 'Mon 18 Dec · 15:30AMS · Amsterdam'], ['Mon 18 Dec · 21:45AMS · Amsterdam', 'Mon 18 Dec · 22:00MAN · Manchester International Apt'], ['1 personal itemFits under the seat in front of youIncluded1 cabin bag9.8 x 13.8 x 21.7 cm · Max weight 26.5\xa0lbsIncluded', 'Baggage policy:KLM'], ['Checked bagFrom $32.92Available in the next steps']]","[['Mon 18 Dec · 13:55HEL · HelsinkiMon 18 Dec · 15:30AMS · Amsterdam', 'KLMKL1168 · EconomyFlight time 2h 35mFlight time 2 hours 35 minutes'], ['', 'Layover 6h 15mLayover 6 hours 15 minutes'], ['Mon 18 Dec · 21:45AMS · AmsterdamMon 18 Dec · 22:00MAN · Manchester International Apt', 'KLMKL1083 · EconomyFlight time 1h 15mFlight time 1 hour 15 minutes']]"
www.booking.com,2 stops · 8h 00m,['1 cabin bag21.7 x 15.8 x 9.1 cm · Max weight 17.6\xa0lbsIncluded'],$138.96,"[['Air Baltic', 'BT306 · Economy', 'Flight time 1h 00m', 'Flight time 1 hour 00 minutes'], ['Air Baltic', 'BT603 · Economy', 'Flight time 2h 30m', 'Flight time 2 hours 30 minutes'], ['Brussels Airlines', 'SN2183 · Economy', 'Flight time 1h 20m', 'Flight time 1 hour 20 minutes']]","[['Mon 18 Dec · 15:30HEL · Helsinki', 'Mon 18 Dec · 16:30RIX · Riga'], ['Mon 18 Dec · 17:00RIX · Riga', 'Mon 18 Dec · 18:30BRU · Brussels National Airport'], ['Mon 18 Dec · 21:10BRU · Brussels National Airport', 'Mon 18 Dec · 21:30MAN · Manchester International Apt'], ['1 cabin bag21.7 x 15.8 x 9.1 cm · Max weight 17.6\xa0lbsIncluded', 'Baggage policies:Air Baltic, Brussels Airlines'], ['Checked bagFrom $58.80Available in the next steps']]","[['Mon 18 Dec · 15:30HEL · HelsinkiMon 18 Dec · 16:30RIX · Riga', 'Air BalticBT306 · EconomyFlight time 1h 00mFlight time 1 hour 00 minutes'], ['', 'Layover 30mLayover 30 minutes'], ['Mon 18 Dec · 17:00RIX · RigaMon 18 Dec · 18:30BRU · Brussels National Airport', 'Air BalticBT603 · EconomyFlight time 2h 30mFlight time 2 hours 30 minutes'], ['', 'Layover 2h 40mLayover 2 hours 40 minutes'], ['Mon 18 Dec · 21:10BRU · Brussels National AirportMon 18 Dec · 21:30MAN · Manchester International Apt', 'Brussels AirlinesSN2183 · EconomyFlight time 1h 20mFlight time 1 hour 20 minutes']]"
www.booking.com,1 stop · 17h 10m,['1 personal itemFits under the seat in front of youIncluded'],$138.96,"[['SAS', 'SK1713 · Economy', 'Flight time 1h 45m', 'Flight time 1 hour 45 minutes'], ['SAS', 'Operated by Sas Connect', 'SK539 · Economy', 'Flight time 2h 00m', 'Flight time 2 hours 00 minutes']]","[['Mon 18 Dec · 18:20HEL · Helsinki', 'Mon 18 Dec · 19:05CPH · Copenhagen Apt'], ['Tue 19 Dec · 08:30CPH · Copenhagen Apt', 'Tue 19 Dec · 09:30MAN · Manchester International Apt'], ['1 personal itemFits under the seat in front of youIncluded', 'Baggage policy:SAS'], ['Cabin bagFrom $12.74Available in the next steps', 'Checked bagFrom $32.92Available in the next steps']]","[['Mon 18 Dec · 18:20HEL · HelsinkiMon 18 Dec · 19:05CPH · Copenhagen Apt', 'SASSK1713 · EconomyFlight time 1h 45mFlight time 1 hour 45 minutes'], ['', 'Layover 13h 25mLayover 13 hours 25 minutes'], ['Tue 19 Dec · 08:30CPH · Copenhagen AptTue 19 Dec · 09:30MAN · Manchester International Apt', 'SASOperated by Sas ConnectSK539 · EconomyFlight time 2h 00mFlight time 2 hours 00 minutes']]"
www.booking.com,1 stop · 10h 30m,['1 personal itemFits under the seat in front of youIncluded1 cabin bag9.1 x 15.8 x 21.7 cm · Max weight 17.6\xa0lbsIncluded1 checked bagMax weight 50.7\xa0lbsIncluded'],$138.96,"[['SAS', 'Operated by City Jet', 'SK1707 · Premium economy', 'Flight time 1h 45m', 'Flight time 1 hour 45 minutes'], ['SAS', 'Operated by Sas Connect', 'SK541 · Premium economy', 'Flight time 2h 00m', 'Flight time 2 hours 00 minutes']]","[['Mon 18 Dec · 10:05HEL · Helsinki', 'Mon 18 Dec · 10:50CPH · Copenhagen Apt'], ['Mon 18 Dec · 17:35CPH · Copenhagen Apt', 'Mon 18 Dec · 18:35MAN · Manchester International Apt'], ['1 personal itemFits under the seat in front of youIncluded1 cabin bag9.1 x 15.8 x 21.7 cm · Max weight 17.6\xa0lbsIncluded1 checked bagMax weight 50.7\xa0lbsIncluded', 'Baggage policies:SAS, City Jet']]","[['Mon 18 Dec · 10:05HEL · HelsinkiMon 18 Dec · 10:50CPH · Copenhagen Apt', 'SASOperated by City JetSK1707 · Premium economyFlight time 1h 45mFlight time 1 hour 45 minutes'], ['', 'Layover 6h 45mLayover 6 hours 45 minutes'], ['Mon 18 Dec · 17:35CPH · Copenhagen AptMon 18 Dec · 18:35MAN · Manchester International Apt', 'SASOperated by Sas ConnectSK541 · Premium economyFlight time 2h 00mFlight time 2 hours 00 minutes']]"
www.booking.com,1 stop · 6h 15m,['1 personal itemFits under the seat in front of youIncluded'],$138.96,"[['Finnair', 'Operated by Nordic Regional Airlines', 'AY1575 · Economy', 'Flight time 3h 05m', 'Flight time 3 hours 05 minutes'], ['Easyjet', 'U22110 · Economy', 'Flight time 1h 25m', 'Flight time 1 hour 25 minutes']]","[['Mon 18 Dec · 12:15HEL · Helsinki', 'Mon 18 Dec · 14:20CDG · Paris Charles De Gaulle Apt'], ['Mon 18 Dec · 16:05CDG · Paris Charles De Gaulle Apt', 'Mon 18 Dec · 16:30MAN · Manchester International Apt'], ['1 personal itemFits under the seat in front of youIncluded', 'Baggage policies:Finnair, Easyjet'], ['Cabin bagFrom $34.51Available in the next steps']]","[['Mon 18 Dec · 12:15HEL · HelsinkiMon 18 Dec · 14:20CDG · Paris Charles De Gaulle Apt', 'FinnairOperated by Nordic Regional AirlinesAY1575 · EconomyFlight time 3h 05mFlight time 3 hours 05 minutes'], ['', 'Layover 1h 45mLayover 1 hour 45 minutes'], ['', 'Protected self transfer'], ['', 'Baggage collection in Paris Charles De Gaulle Apt. You must collect and re-check your baggage.'], ['Mon 18 Dec · 16:05CDG · Paris Charles De Gaulle AptMon 18 Dec · 16:30MAN · Manchester International Apt', 'EasyjetU22110 · EconomyFlight time 1h 25mFlight time 1 hour 25 minutes']]"
www.booking.com,1 stop · 8h 10m,['1 personal itemFits under the seat in front of youIncluded1 cabin bag9.8 x 17.7 x 22.1 cmIncluded1 checked bagMax weight 50.7\xa0lbsIncluded'],$138.96,"[['British Airways', 'Operated by Finnair', 'BA6031 · Economy', 'Flight time 3h 20m', 'Flight time 3 hours 20 minutes'], ['British Airways', 'BA1394 · Economy', 'Flight time 1h 05m', 'Flight time 1 hour 05 minutes']]","[['Mon 18 Dec · 07:50HEL · Helsinki', 'Mon 18 Dec · 09:10LHR · London Heathrow Apt'], ['Mon 18 Dec · 12:55LHR · London Heathrow Apt', 'Mon 18 Dec · 14:00MAN · Manchester International Apt'], ['1 personal itemFits under the seat in front of youIncluded1 cabin bag9.8 x 17.7 x 22.1 cmIncluded1 checked bagMax weight 50.7\xa0lbsIncluded', 'Baggage policies:British Airways, Finnair']]","[['Mon 18 Dec · 07:50HEL · HelsinkiMon 18 Dec · 09:10LHR · London Heathrow Apt', 'British AirwaysOperated by FinnairBA6031 · EconomyFlight time 3h 20mFlight time 3 hours 20 minutes'], ['', 'Layover 3h 45mLayover 3 hours 45 minutes'], ['Mon 18 Dec · 12:55LHR · London Heathrow AptMon 18 Dec · 14:00MAN · Manchester International Apt', 'British AirwaysBA1394 · EconomyFlight time 1h 05mFlight time 1 hour 05 minutes']]"
www.booking.com,2 stops · 7h 00m,['1 personal itemFits under the seat in front of youIncluded'],$138.96,"[['Finnair', 'AY809 · Economy', 'Flight time 1h 00m', 'Flight time 1 hour 00 minutes'], ['SAS', 'Operated by Sas Connect', 'SK1407 · Economy', 'Flight time 1h 15m', 'Flight time 1 hour 15 minutes'], ['SAS', 'Operated by Sas Connect', 'SK541 · Economy', 'Flight time 2h 00m', 'Flight time 2 hours 00 minutes']]","[['Mon 18 Dec · 13:35HEL · Helsinki', 'Mon 18 Dec · 13:35ARN · Stockholm Arlanda Apt'], ['Mon 18 Dec · 15:10ARN · Stockholm Arlanda Apt', 'Mon 18 Dec · 16:25CPH · Copenhagen Apt'], ['Mon 18 Dec · 17:35CPH · Copenhagen Apt', 'Mon 18 Dec · 18:35MAN · Manchester International Apt'], ['1 personal itemFits under the seat in front of youIncluded', 'Baggage policies:Finnair, SAS'], ['Cabin bagFrom $12.74Available in the next steps']]","[['Mon 18 Dec · 13:35HEL · HelsinkiMon 18 Dec · 13:35ARN · Stockholm Arlanda Apt', 'FinnairAY809 · EconomyFlight time 1h 00mFlight time 1 hour 00 minutes'], ['', 'Layover 1h 35mLayover 1 hour 35 minutes'], ['', 'Protected self transfer'], ['', 'Baggage collection in Stockholm Arlanda Apt. You must collect and re-check your baggage.'], ['Mon 18 Dec · 15:10ARN · Stockholm Arlanda AptMon 18 Dec · 16:25CPH · Copenhagen Apt', 'SASOperated by Sas ConnectSK1407 · EconomyFlight time 1h 15mFlight time 1 hour 15 minutes'], ['', 'Layover 1h 10mLayover 1 hour 10 minutes'], ['Mon 18 Dec · 17:35CPH · Copenhagen AptMon 18 Dec · 18:35MAN · Manchester International Apt', 'SASOperated by Sas ConnectSK541 · EconomyFlight time 2h 00mFlight time 2 hours 00 minutes']]"
www.booking.com,2 stops · 10h 10m,[],$138.96,"[['Air Baltic', 'BT326 · Economy', 'Flight time 1h 00m', 'Flight time 1 hour 00 minutes'], ['Air Baltic', 'BT691 · Economy', 'Flight time 2h 50m', 'Flight time 2 hours 50 minutes'], ['Easyjet', 'U22298 · Economy', 'Flight time 1h 35m', 'Flight time 1 hour 35 minutes']]","[['Mon 18 Dec · 05:20HEL · Helsinki', 'Mon 18 Dec · 06:20RIX · Riga'], ['Mon 18 Dec · 07:00RIX · Riga', 'Mon 18 Dec · 08:50CDG · Paris Charles De Gaulle Apt'], ['Mon 18 Dec · 12:55ORY · Paris Orly Apt', 'Mon 18 Dec · 13:30MAN · Manchester International Apt'], ['Baggage policies:Air Baltic, Easyjet'], ['Cabin bagFrom $33.97Available in the next steps']]","[['Mon 18 Dec · 05:20HEL · HelsinkiMon 18 Dec · 06:20RIX · Riga', 'Air BalticBT326 · EconomyFlight time 1h 00mFlight time 1 hour 00 minutes'], ['', 'Layover 40mLayover 40 minutes'], ['Mon 18 Dec · 07:00RIX · RigaMon 18 Dec · 08:50CDG · Paris Charles De Gaulle Apt', 'Air BalticBT691 · EconomyFlight time 2h 50mFlight time 2 hours 50 minutes'], ['', 'Layover 4h 05mLayover 4 hours 05 minutes'], ['', 'Change of airport'], ['', 'Protected self transfer'], ['', 'Airport change in Paris. You must travel from Paris Charles De Gaulle Apt to Paris Orly Apt.'], ['', 'Baggage collection in Paris Charles De Gaulle Apt. You must collect and re-check your baggage.'], ['Mon 18 Dec · 12:55ORY · Paris Orly AptMon 18 Dec · 13:30MAN · Manchester International Apt', 'EasyjetU22298 · EconomyFlight time 1h 35mFlight time 1 hour 35 minutes']]"
www.booking.com,2 stops · 8h 20m,[],$138.96,"[['Air Baltic', 'BT306 · Economy', 'Flight time 1h 00m', 'Flight time 1 hour 00 minutes'], ['Air Baltic', 'BT619 · Economy', 'Flight time 2h 25m', 'Flight time 2 hours 25 minutes'], ['Easyjet', 'U22168 · Economy', 'Flight time 1h 20m', 'Flight time 1 hour 20 minutes']]","[['Mon 18 Dec · 15:30HEL · Helsinki', 'Mon 18 Dec · 16:30RIX · Riga'], ['Mon 18 Dec · 17:00RIX · Riga', 'Mon 18 Dec · 18:25AMS · Amsterdam'], ['Mon 18 Dec · 21:30AMS · Amsterdam', 'Mon 18 Dec · 21:50MAN · Manchester International Apt'], ['Baggage policies:Air Baltic, Easyjet'], ['Cabin bagFrom $33.97Available in the next steps']]","[['Mon 18 Dec · 15:30HEL · HelsinkiMon 18 Dec · 16:30RIX · Riga', 'Air BalticBT306 · EconomyFlight time 1h 00mFlight time 1 hour 00 minutes'], ['', 'Layover 30mLayover 30 minutes'], ['Mon 18 Dec · 17:00RIX · RigaMon 18 Dec · 18:25AMS · Amsterdam', 'Air BalticBT619 · EconomyFlight time 2h 25mFlight time 2 hours 25 minutes'], ['', 'Layover 3h 05mLayover 3 hours 05 minutes'], ['', 'Protected self transfer'], ['', 'Baggage collection in Amsterdam. You must collect and re-check your baggage.'], ['Mon 18 Dec · 21:30AMS · AmsterdamMon 18 Dec · 21:50MAN · Manchester International Apt', 'EasyjetU22168 · EconomyFlight time 1h 20mFlight time 1 hour 20 minutes']]"
www.booking.com,2 stops · 7h 05m,['1 personal itemFits under the seat in front of youIncluded'],$138.96,"[['SAS', 'Operated by Regional Jet', 'SK709 · Economy', 'Flight time 1h 05m', 'Flight time 1 hour 05 minutes'], ['SAS', 'Operated by Sas Connect', 'SK1407 · Economy', 'Flight time 1h 15m', 'Flight time 1 hour 15 minutes'], ['SAS', 'Operated by Sas Connect', 'SK541 · Economy', 'Flight time 2h 00m', 'Flight time 2 hours 00 minutes']]","[['Mon 18 Dec · 13:30HEL · Helsinki', 'Mon 18 Dec · 13:35ARN · Stockholm Arlanda Apt'], ['Mon 18 Dec · 15:10ARN · Stockholm Arlanda Apt', 'Mon 18 Dec · 16:25CPH · Copenhagen Apt'], ['Mon 18 Dec · 17:35CPH · Copenhagen Apt', 'Mon 18 Dec · 18:35MAN · Manchester International Apt'], ['1 personal itemFits under the seat in front of youIncluded', 'Baggage policy:SAS'], ['Cabin bagFrom $26.74Available in the next steps']]","[['Mon 18 Dec · 13:30HEL · HelsinkiMon 18 Dec · 13:35ARN · Stockholm Arlanda Apt', 'SASOperated by Regional JetSK709 · EconomyFlight time 1h 05mFlight time 1 hour 05 minutes'], ['', 'Layover 1h 35mLayover 1 hour 35 minutes'], ['', 'Protected self transfer'], ['', 'Baggage collection in Stockholm Arlanda Apt. You must collect and re-check your baggage.'], ['Mon 18 Dec · 15:10ARN · Stockholm Arlanda AptMon 18 Dec · 16:25CPH · Copenhagen Apt', 'SASOperated by Sas ConnectSK1407 · EconomyFlight time 1h 15mFlight time 1 hour 15 minutes'], ['', 'Layover 1h 10mLayover 1 hour 10 minutes'], ['Mon 18 Dec · 17:35CPH · Copenhagen AptMon 18 Dec · 18:35MAN · Manchester International Apt', 'SASOperated by Sas ConnectSK541 · EconomyFlight time 2h 00mFlight time 2 hours 00 minutes']]"
www.booking.com,2 stops · 8h 30m,['1 cabin bag21.7 x 15.8 x 9.1 cm · Max weight 17.6\xa0lbsIncluded'],$138.96,"[['Air Baltic', 'BT306 · Economy', 'Flight time 1h 00m', 'Flight time 1 hour 00 minutes'], ['Air Baltic', 'BT619 · Economy', 'Flight time 2h 25m', 'Flight time 2 hours 25 minutes'], ['Air Baltic', 'Operated by Klm', 'BT6013 · Economy', 'Flight time 1h 15m', 'Flight time 1 hour 15 minutes']]","[['Mon 18 Dec · 15:30HEL · Helsinki', 'Mon 18 Dec · 16:30RIX · Riga'], ['Mon 18 Dec · 17:00RIX · Riga', 'Mon 18 Dec · 18:25AMS · Amsterdam'], ['Mon 18 Dec · 21:45AMS · Amsterdam', 'Mon 18 Dec · 22:00MAN · Manchester International Apt'], ['1 cabin bag21.7 x 15.8 x 9.1 cm · Max weight 17.6\xa0lbsIncluded', 'Baggage policies:Air Baltic, KLM'], ['Checked bagFrom $58.80Available in the next steps']]","[['Mon 18 Dec · 15:30HEL · HelsinkiMon 18 Dec · 16:30RIX · Riga', 'Air BalticBT306 · EconomyFlight time 1h 00mFlight time 1 hour 00 minutes'], ['', 'Layover 30mLayover 30 minutes'], ['Mon 18 Dec · 17:00RIX · RigaMon 18 Dec · 18:25AMS · Amsterdam', 'Air BalticBT619 · EconomyFlight time 2h 25mFlight time 2 hours 25 minutes'], ['', 'Layover 3h 20mLayover 3 hours 20 minutes'], ['Mon 18 Dec · 21:45AMS · AmsterdamMon 18 Dec · 22:00MAN · Manchester International Apt', 'Air BalticOperated by KlmBT6013 · EconomyFlight time 1h 15mFlight time 1 hour 15 minutes']]"
www.booking.com,1 stop · 7h 35m,['1 personal itemFits under the seat in front of youIncluded1 cabin bag7.9 x 13 x 18.9 cm · Max weight 15.4\xa0lbsIncluded'],$286.24,"[['Finnair', 'AY1381 · Economy', 'Flight time 3h 15m', 'Flight time 3 hours 15 minutes'], ['Aer Lingus', 'EI204 · Economy', 'Flight time 1h 00m', 'Flight time 1 hour 00 minutes']]","[['Mon 18 Dec · 07:45HEL · Helsinki', 'Mon 18 Dec · 09:00DUB · Dublin'], ['Mon 18 Dec · 12:20DUB · Dublin', 'Mon 18 Dec · 13:20MAN · Manchester International Apt'], ['1 personal itemFits under the seat in front of youIncluded1 cabin bag7.9 x 13 x 18.9 cm · Max weight 15.4\xa0lbsIncluded', 'Baggage policies:Finnair, Aer Lingus']]","[['Mon 18 Dec · 07:45HEL · HelsinkiMon 18 Dec · 09:00DUB · Dublin', 'FinnairAY1381 · EconomyFlight time 3h 15mFlight time 3 hours 15 minutes'], ['', 'Layover 3h 20mLayover 3 hours 20 minutes'], ['', 'Protected self transfer'], ['', 'Baggage collection in Dublin. You must collect and re-check your baggage.'], ['Mon 18 Dec · 12:20DUB · DublinMon 18 Dec · 13:20MAN · Manchester International Apt', 'Aer LingusEI204 · EconomyFlight time 1h 00mFlight time 1 hour 00 minutes']]"
www.booking.com,2 stops · 8h 00m,['1 personal itemFits under the seat in front of youIncluded1 cabin bag9.1 x 15.8 x 21.7 cm · Max weight 17.6\xa0lbsIncluded1 checked bagMax weight 50.7\xa0lbsIncluded'],$286.24,"[['Air Baltic', 'BT306 · Economy', 'Flight time 1h 00m', 'Flight time 1 hour 00 minutes'], ['Brussels Airlines', 'Operated by Air Baltic', 'SN4012 · Economy', 'Flight time 2h 30m', 'Flight time 2 hours 30 minutes'], ['Brussels Airlines', 'SN2183 · Economy', 'Flight time 1h 20m', 'Flight time 1 hour 20 minutes']]","[['Mon 18 Dec · 15:30HEL · Helsinki', 'Mon 18 Dec · 16:30RIX · Riga'], ['Mon 18 Dec · 17:00RIX · Riga', 'Mon 18 Dec · 18:30BRU · Brussels National Airport'], ['Mon 18 Dec · 21:10BRU · Brussels National Airport', 'Mon 18 Dec · 21:30MAN · Manchester International Apt'], ['1 personal itemFits under the seat in front of youIncluded1 cabin bag9.1 x 15.8 x 21.7 cm · Max weight 17.6\xa0lbsIncluded1 checked bagMax weight 50.7\xa0lbsIncluded', 'Baggage policies:Air Baltic, Brussels Airlines']]","[['Mon 18 Dec · 15:30HEL · HelsinkiMon 18 Dec · 16:30RIX · Riga', 'Air BalticBT306 · EconomyFlight time 1h 00mFlight time 1 hour 00 minutes'], ['', 'Layover 30mLayover 30 minutes'], ['Mon 18 Dec · 17:00RIX · RigaMon 18 Dec · 18:30BRU · Brussels National Airport', 'Brussels AirlinesOperated by Air BalticSN4012 · EconomyFlight time 2h 30mFlight time 2 hours 30 minutes'], ['', 'Layover 2h 40mLayover 2 hours 40 minutes'], ['Mon 18 Dec · 21:10BRU · Brussels National AirportMon 18 Dec · 21:30MAN · Manchester International Apt', 'Brussels AirlinesSN2183 · EconomyFlight time 1h 20mFlight time 1 hour 20 minutes']]"
www.booking.com,1 stop · 6h 50m,['1 personal itemFits under the seat in front of youIncluded'],$286.24,"[['Finnair', 'AY1577 · Economy', 'Flight time 3h 05m', 'Flight time 3 hours 05 minutes'], ['Easyjet', 'U22112 · Economy', 'Flight time 1h 25m', 'Flight time 1 hour 25 minutes']]","[['Mon 18 Dec · 16:05HEL · Helsinki', 'Mon 18 Dec · 18:10CDG · Paris Charles De Gaulle Apt'], ['Mon 18 Dec · 20:30CDG · Paris Charles De Gaulle Apt', 'Mon 18 Dec · 20:55MAN · Manchester International Apt'], ['1 personal itemFits under the seat in front of youIncluded', 'Baggage policies:Finnair, Easyjet'], ['Cabin bagFrom $34.51Available in the next steps']]","[['Mon 18 Dec · 16:05HEL · HelsinkiMon 18 Dec · 18:10CDG · Paris Charles De Gaulle Apt', 'FinnairAY1577 · EconomyFlight time 3h 05mFlight time 3 hours 05 minutes'], ['', 'Layover 2h 20mLayover 2 hours 20 minutes'], ['', 'Protected self transfer'], ['', 'Baggage collection in Paris Charles De Gaulle Apt. You must collect and re-check your baggage.'], ['Mon 18 Dec · 20:30CDG · Paris Charles De Gaulle AptMon 18 Dec · 20:55MAN · Manchester International Apt', 'EasyjetU22112 · EconomyFlight time 1h 25mFlight time 1 hour 25 minutes']]"
www.booking.com,2 stops · 10h 05m,['1 cabin bag7.9 x 13 x 9.1 cm · Max weight 15.4\xa0lbsIncluded'],$286.24,"[['Air Baltic', 'BT302 · Economy', 'Flight time 1h 00m', 'Flight time 1 hour 00 minutes'], ['Air Baltic', 'BT661 · Economy', 'Flight time 3h 15m', 'Flight time 3 hours 15 minutes'], ['Aer Lingus', 'EI210 · Economy', 'Flight time 1h 00m', 'Flight time 1 hour 00 minutes']]","[['Mon 18 Dec · 08:40HEL · Helsinki', 'Mon 18 Dec · 09:40RIX · Riga'], ['Mon 18 Dec · 11:10RIX · Riga', 'Mon 18 Dec · 12:25DUB · Dublin'], ['Mon 18 Dec · 15:45DUB · Dublin', 'Mon 18 Dec · 16:45MAN · Manchester International Apt'], ['1 cabin bag7.9 x 13 x 9.1 cm · Max weight 15.4\xa0lbsIncluded', 'Baggage policies:Air Baltic, Aer Lingus']]","[['Mon 18 Dec · 08:40HEL · HelsinkiMon 18 Dec · 09:40RIX · Riga', 'Air BalticBT302 · EconomyFlight time 1h 00mFlight time 1 hour 00 minutes'], ['', 'Layover 1h 30mLayover 1 hour 30 minutes'], ['Mon 18 Dec · 11:10RIX · RigaMon 18 Dec · 12:25DUB · Dublin', 'Air BalticBT661 · EconomyFlight time 3h 15mFlight time 3 hours 15 minutes'], ['', 'Layover 3h 20mLayover 3 hours 20 minutes'], ['', 'Protected self transfer'], ['', 'Baggage collection in Dublin. You must collect and re-check your baggage.'], ['Mon 18 Dec · 15:45DUB · DublinMon 18 Dec · 16:45MAN · Manchester International Apt', 'Aer LingusEI210 · EconomyFlight time 1h 00mFlight time 1 hour 00 minutes']]"
www.booking.com,1 stop · 6h 35m,['1 personal itemFits under the seat in front of youIncluded1 cabin bag9.1 x 15.8 x 21.7 cm · Max weight 17.6\xa0lbsIncluded'],$286.24,"[['Lufthansa', 'LH851 · Economy', 'Flight time 2h 50m', 'Flight time 2 hours 50 minutes'], ['Lufthansa', 'LH948 · Economy', 'Flight time 1h 45m', 'Flight time 1 hour 45 minutes']]","[['Mon 18 Dec · 17:40HEL · Helsinki', 'Mon 18 Dec · 19:30FRA · Frankfurt International Apt'], ['Mon 18 Dec · 21:30FRA · Frankfurt International Apt', 'Mon 18 Dec · 22:15MAN · Manchester International Apt'], ['1 personal itemFits under the seat in front of youIncluded1 cabin bag9.1 x 15.8 x 21.7 cm · Max weight 17.6\xa0lbsIncluded', 'Baggage policy:Lufthansa'], ['Checked bagFrom $29.74Available in the next steps']]","[['Mon 18 Dec · 17:40HEL · HelsinkiMon 18 Dec · 19:30FRA · Frankfurt International Apt', 'LufthansaLH851 · EconomyFlight time 2h 50mFlight time 2 hours 50 minutes'], ['', 'Layover 2h 00mLayover 2 hours 00 minutes'], ['Mon 18 Dec · 21:30FRA · Frankfurt International AptMon 18 Dec · 22:15MAN · Manchester International Apt', 'LufthansaLH948 · EconomyFlight time 1h 45mFlight time 1 hour 45 minutes']]"
www.booking.com,1 stop · 7h 20m,['1 personal itemFits under the seat in front of youIncluded'],$286.24,"[['Finnair', 'AY1301 · Economy', 'Flight time 2h 40m', 'Flight time 2 hours 40 minutes'], ['Easyjet', 'U22170 · Economy', 'Flight time 1h 20m', 'Flight time 1 hour 20 minutes']]","[['Mon 18 Dec · 08:15HEL · Helsinki', 'Mon 18 Dec · 09:55AMS · Amsterdam'], ['Mon 18 Dec · 13:15AMS · Amsterdam', 'Mon 18 Dec · 13:35MAN · Manchester International Apt'], ['1 personal itemFits under the seat in front of youIncluded', 'Baggage policies:Finnair, Easyjet'], ['Cabin bagFrom $27.60Available in the next steps']]","[['Mon 18 Dec · 08:15HEL · HelsinkiMon 18 Dec · 09:55AMS · Amsterdam', 'FinnairAY1301 · EconomyFlight time 2h 40mFlight time 2 hours 40 minutes'], ['', 'Layover 3h 20mLayover 3 hours 20 minutes'], ['', 'Protected self transfer'], ['', 'Baggage collection in Amsterdam. You must collect and re-check your baggage.'], ['Mon 18 Dec · 13:15AMS · AmsterdamMon 18 Dec · 13:35MAN · Manchester International Apt', 'EasyjetU22170 · EconomyFlight time 1h 20mFlight time 1 hour 20 minutes']]"
www.booking.com,1 stop · 6h 05m,['1 personal itemFits under the seat in front of youIncluded1 cabin bag9.1 x 15.8 x 21.7 cm · Max weight 17.6\xa0lbsIncluded'],$390.65,"[['Lufthansa', 'LH2461 · Economy', 'Flight time 2h 50m', 'Flight time 2 hours 50 minutes'], ['Lufthansa', 'Operated by Lufthansa Cityline Gmbh', 'LH2504 · Economy', 'Flight time 2h 10m', 'Flight time 2 hours 10 minutes']]","[['Mon 18 Dec · 12:45HEL · Helsinki', 'Mon 18 Dec · 14:35MUC · Munich International Airport'], ['Mon 18 Dec · 15:40MUC · Munich International Airport', 'Mon 18 Dec · 16:50MAN · Manchester International Apt'], ['1 personal itemFits under the seat in front of youIncluded1 cabin bag9.1 x 15.8 x 21.7 cm · Max weight 17.6\xa0lbsIncluded', 'Baggage policy:Lufthansa'], ['Checked bagFrom $29.74Available in the next steps']]","[['Mon 18 Dec · 12:45HEL · HelsinkiMon 18 Dec · 14:35MUC · Munich International Airport', 'LufthansaLH2461 · EconomyFlight time 2h 50mFlight time 2 hours 50 minutes'], ['', 'Layover 1h 05mLayover 1 hour 05 minutes'], ['Mon 18 Dec · 15:40MUC · Munich International AirportMon 18 Dec · 16:50MAN · Manchester International Apt', 'LufthansaOperated by Lufthansa Cityline GmbhLH2504 · EconomyFlight time 2h 10mFlight time 2 hours 10 minutes']]"
www.booking.com,1 stop · 16h 10m,['1 personal itemFits under the seat in front of youIncluded1 cabin bag9.8 x 13.8 x 21.7 cm · Max weight 26.5\xa0lbsIncluded'],$390.65,"[['KLM', 'KL1170 · Economy', 'Flight time 2h 40m', 'Flight time 2 hours 40 minutes'], ['KLM', 'KL1071 · Economy', 'Flight time 1h 15m', 'Flight time 1 hour 15 minutes']]","[['Mon 18 Dec · 18:10HEL · Helsinki', 'Mon 18 Dec · 19:50AMS · Amsterdam'], ['Tue 19 Dec · 08:05AMS · Amsterdam', 'Tue 19 Dec · 08:20MAN · Manchester International Apt'], ['1 personal itemFits under the seat in front of youIncluded1 cabin bag9.8 x 13.8 x 21.7 cm · Max weight 26.5\xa0lbsIncluded', 'Baggage policy:KLM'], ['Checked bagFrom $33.06Available in the next steps']]","[['Mon 18 Dec · 18:10HEL · HelsinkiMon 18 Dec · 19:50AMS · Amsterdam', 'KLMKL1170 · EconomyFlight time 2h 40mFlight time 2 hours 40 minutes'], ['', 'Layover 12h 15mLayover 12 hours 15 minutes'], ['Tue 19 Dec · 08:05AMS · AmsterdamTue 19 Dec · 08:20MAN · Manchester International Apt', 'KLMKL1071 · EconomyFlight time 1h 15mFlight time 1 hour 15 minutes']]"
www.booking.com,1 stop · 16h 45m,['1 personal itemFits under the seat in front of youIncluded1 cabin bag9.1 x 15.8 x 21.7 cm · Max weight 17.6\xa0lbsIncluded'],$390.65,"[['Lufthansa', 'LH2463 · Economy', 'Flight time 2h 45m', 'Flight time 2 hours 45 minutes'], ['Lufthansa', 'LH2500 · Economy', 'Flight time 2h 10m', 'Flight time 2 hours 10 minutes']]","[['Mon 18 Dec · 19:25HEL · Helsinki', 'Mon 18 Dec · 21:10MUC · Munich International Airport'], ['Tue 19 Dec · 09:00MUC · Munich International Airport', 'Tue 19 Dec · 10:10MAN · Manchester International Apt'], ['1 personal itemFits under the seat in front of youIncluded1 cabin bag9.1 x 15.8 x 21.7 cm · Max weight 17.6\xa0lbsIncluded', 'Baggage policy:Lufthansa'], ['Checked bagFrom $29.74Available in the next steps']]","[['Mon 18 Dec · 19:25HEL · HelsinkiMon 18 Dec · 21:10MUC · Munich International Airport', 'LufthansaLH2463 · EconomyFlight time 2h 45mFlight time 2 hours 45 minutes'], ['', 'Layover 11h 50mLayover 11 hours 50 minutes'], ['Tue 19 Dec · 09:00MUC · Munich International AirportTue 19 Dec · 10:10MAN · Manchester International Apt', 'LufthansaLH2500 · EconomyFlight time 2h 10mFlight time 2 hours 10 minutes']]"
www.booking.com,1 stop · 10h 45m,['1 personal itemFits under the seat in front of youIncluded1 cabin bag9.8 x 17.7 x 22.1 cmIncluded1 checked bagMax weight 50.7\xa0lbsIncluded'],$390.65,"[['British Airways', 'Operated by Finnair', 'BA6031 · Economy', 'Flight time 3h 20m', 'Flight time 3 hours 20 minutes'], ['British Airways', 'BA1396 · Economy', 'Flight time 1h 05m', 'Flight time 1 hour 05 minutes']]","[['Mon 18 Dec · 07:50HEL · Helsinki', 'Mon 18 Dec · 09:10LHR · London Heathrow Apt'], ['Mon 18 Dec · 15:30LHR · London Heathrow Apt', 'Mon 18 Dec · 16:35MAN · Manchester International Apt'], ['1 personal itemFits under the seat in front of youIncluded1 cabin bag9.8 x 17.7 x 22.1 cmIncluded1 checked bagMax weight 50.7\xa0lbsIncluded', 'Baggage policies:British Airways, Finnair']]","[['Mon 18 Dec · 07:50HEL · HelsinkiMon 18 Dec · 09:10LHR · London Heathrow Apt', 'British AirwaysOperated by FinnairBA6031 · EconomyFlight time 3h 20mFlight time 3 hours 20 minutes'], ['', 'Layover 6h 20mLayover 6 hours 20 minutes'], ['Mon 18 Dec · 15:30LHR · London Heathrow AptMon 18 Dec · 16:35MAN · Manchester International Apt', 'British AirwaysBA1396 · EconomyFlight time 1h 05mFlight time 1 hour 05 minutes']]"
www.booking.com,1 stop · 14h 00m,['1 cabin bag9.8 x 13.8 x 21.7 cm · Max weight 26.5\xa0lbsIncluded'],$390.65,"[['Air France', 'AF1177 · Economy', 'Flight time 3h 25m', 'Flight time 3 hours 25 minutes'], ['Air France', 'AF1168 · Economy', 'Flight time 1h 25m', 'Flight time 1 hour 25 minutes']]","[['Mon 18 Dec · 06:30HEL · Helsinki', 'Mon 18 Dec · 08:55CDG · Paris Charles De Gaulle Apt'], ['Mon 18 Dec · 18:05CDG · Paris Charles De Gaulle Apt', 'Mon 18 Dec · 18:30MAN · Manchester International Apt'], ['1 cabin bag9.8 x 13.8 x 21.7 cm · Max weight 26.5\xa0lbsIncluded', 'Baggage policy:Air France'], ['Checked bagFrom $38.23Available in the next steps']]","[['Mon 18 Dec · 06:30HEL · HelsinkiMon 18 Dec · 08:55CDG · Paris Charles De Gaulle Apt', 'Air FranceAF1177 · EconomyFlight time 3h 25mFlight time 3 hours 25 minutes'], ['', 'Layover 9h 10mLayover 9 hours 10 minutes'], ['Mon 18 Dec · 18:05CDG · Paris Charles De Gaulle AptMon 18 Dec · 18:30MAN · Manchester International Apt', 'Air FranceAF1168 · EconomyFlight time 1h 25mFlight time 1 hour 25 minutes']]"
www.booking.com,1 stop · 11h 45m,['1 personal itemFits under the seat in front of youIncluded1 cabin bag9.8 x 13.8 x 21.7 cm · Max weight 26.5\xa0lbsIncluded'],$390.65,"[['KLM', 'Operated by KLM Cityhopper', 'KL1166 · Economy', 'Flight time 2h 40m', 'Flight time 2 hours 40 minutes'], ['KLM', 'Operated by KLM Cityhopper', 'KL1081 · Economy', 'Flight time 1h 15m', 'Flight time 1 hour 15 minutes']]","[['Mon 18 Dec · 10:40HEL · Helsinki', 'Mon 18 Dec · 12:20AMS · Amsterdam'], ['Mon 18 Dec · 20:10AMS · Amsterdam', 'Mon 18 Dec · 20:25MAN · Manchester International Apt'], ['1 personal itemFits under the seat in front of youIncluded1 cabin bag9.8 x 13.8 x 21.7 cm · Max weight 26.5\xa0lbsIncluded', 'Baggage policies:KLM, KLM Cityhopper'], ['Checked bagFrom $32.92Available in the next steps']]","[['Mon 18 Dec · 10:40HEL · HelsinkiMon 18 Dec · 12:20AMS · Amsterdam', 'KLMOperated by KLM CityhopperKL1166 · EconomyFlight time 2h 40mFlight time 2 hours 40 minutes'], ['', 'Layover 7h 50mLayover 7 hours 50 minutes'], ['Mon 18 Dec · 20:10AMS · AmsterdamMon 18 Dec · 20:25MAN · Manchester International Apt', 'KLMOperated by KLM CityhopperKL1081 · EconomyFlight time 1h 15mFlight time 1 hour 15 minutes']]"
www.booking.com,1 stop · 13h 20m,['1 personal itemFits under the seat in front of youIncluded1 cabin bag9.8 x 13.8 x 21.7 cm · Max weight 26.5\xa0lbsIncluded'],$390.65,"[['KLM', 'Operated by KLM Cityhopper', 'KL1166 · Economy', 'Flight time 2h 40m', 'Flight time 2 hours 40 minutes'], ['KLM', 'KL1083 · Economy', 'Flight time 1h 15m', 'Flight time 1 hour 15 minutes']]","[['Mon 18 Dec · 10:40HEL · Helsinki', 'Mon 18 Dec · 12:20AMS · Amsterdam'], ['Mon 18 Dec · 21:45AMS · Amsterdam', 'Mon 18 Dec · 22:00MAN · Manchester International Apt'], ['1 personal itemFits under the seat in front of youIncluded1 cabin bag9.8 x 13.8 x 21.7 cm · Max weight 26.5\xa0lbsIncluded', 'Baggage policies:KLM, KLM Cityhopper'], ['Checked bagFrom $32.92Available in the next steps']]","[['Mon 18 Dec · 10:40HEL · HelsinkiMon 18 Dec · 12:20AMS · Amsterdam', 'KLMOperated by KLM CityhopperKL1166 · EconomyFlight time 2h 40mFlight time 2 hours 40 minutes'], ['', 'Layover 9h 25mLayover 9 hours 25 minutes'], ['Mon 18 Dec · 21:45AMS · AmsterdamMon 18 Dec · 22:00MAN · Manchester International Apt', 'KLMKL1083 · EconomyFlight time 1h 15mFlight time 1 hour 15 minutes']]"
www.booking.com,2 stops · 7h 05m,['1 personal itemFits under the seat in front of youIncluded1 cabin bag9.1 x 15.8 x 21.7 cm · Max weight 17.6\xa0lbsIncluded1 checked bagMax weight 50.7\xa0lbsIncluded'],$390.65,"[['SAS', 'Operated by Regional Jet', 'SK721 · Economy', 'Flight time 1h 10m', 'Flight time 1 hour 10 minutes'], ['Brussels Airlines', 'SN2294 · Economy', 'Flight time 2h 20m', 'Flight time 2 hours 20 minutes'], ['Brussels Airlines', 'SN2183 · Economy', 'Flight time 1h 20m', 'Flight time 1 hour 20 minutes']]","[['Mon 18 Dec · 16:25HEL · Helsinki', 'Mon 18 Dec · 16:35ARN · Stockholm Arlanda Apt'], ['Mon 18 Dec · 17:20ARN · Stockholm Arlanda Apt', 'Mon 18 Dec · 19:40BRU · Brussels National Airport'], ['Mon 18 Dec · 21:10BRU · Brussels National Airport', 'Mon 18 Dec · 21:30MAN · Manchester International Apt'], ['1 personal itemFits under the seat in front of youIncluded1 cabin bag9.1 x 15.8 x 21.7 cm · Max weight 17.6\xa0lbsIncluded1 checked bagMax weight 50.7\xa0lbsIncluded', 'Baggage policies:SAS, Brussels Airlines']]","[['Mon 18 Dec · 16:25HEL · HelsinkiMon 18 Dec · 16:35ARN · Stockholm Arlanda Apt', 'SASOperated by Regional JetSK721 · EconomyFlight time 1h 10mFlight time 1 hour 10 minutes'], ['', 'Layover 45mLayover 45 minutes'], ['Mon 18 Dec · 17:20ARN · Stockholm Arlanda AptMon 18 Dec · 19:40BRU · Brussels National Airport', 'Brussels AirlinesSN2294 · EconomyFlight time 2h 20mFlight time 2 hours 20 minutes'], ['', 'Layover 1h 30mLayover 1 hour 30 minutes'], ['Mon 18 Dec · 21:10BRU · Brussels National AirportMon 18 Dec · 21:30MAN · Manchester International Apt', 'Brussels AirlinesSN2183 · EconomyFlight time 1h 20mFlight time 1 hour 20 minutes']]"
www.booking.com,1 stop · 8h 10m,['1 personal itemFits under the seat in front of youIncluded1 cabin bag9.8 x 17.7 x 22.1 cmIncluded1 checked bagMax weight 50.7\xa0lbsIncluded'],$390.65,"[['British Airways', 'Operated by Finnair', 'BA6079 · Economy', 'Flight time 3h 15m', 'Flight time 3 hours 15 minutes'], ['British Airways', 'BA1402 · Economy', 'Flight time 1h 05m', 'Flight time 1 hour 05 minutes']]","[['Mon 18 Dec · 14:00HEL · Helsinki', 'Mon 18 Dec · 15:15LHR · London Heathrow Apt'], ['Mon 18 Dec · 19:05LHR · London Heathrow Apt', 'Mon 18 Dec · 20:10MAN · Manchester International Apt'], ['1 personal itemFits under the seat in front of youIncluded1 cabin bag9.8 x 17.7 x 22.1 cmIncluded1 checked bagMax weight 50.7\xa0lbsIncluded', 'Baggage policies:British Airways, Finnair']]","[['Mon 18 Dec · 14:00HEL · HelsinkiMon 18 Dec · 15:15LHR · London Heathrow Apt', 'British AirwaysOperated by FinnairBA6079 · EconomyFlight time 3h 15mFlight time 3 hours 15 minutes'], ['', 'Layover 3h 50mLayover 3 hours 50 minutes'], ['Mon 18 Dec · 19:05LHR · London Heathrow AptMon 18 Dec · 20:10MAN · Manchester International Apt', 'British AirwaysBA1402 · EconomyFlight time 1h 05mFlight time 1 hour 05 minutes']]"
www.booking.com,1 stop · 24h 00m,['1 personal itemFits under the seat in front of youIncluded'],$390.65,"[['SAS', 'Operated by Regional Jet', 'SK721 · Economy', 'Flight time 1h 10m', 'Flight time 1 hour 10 minutes'], ['SAS', 'Operated by Sas Connect', 'SK2547 · Economy', 'Flight time 2h 30m', 'Flight time 2 hours 30 minutes']]","[['Mon 18 Dec · 16:25HEL · Helsinki', 'Mon 18 Dec · 16:35ARN · Stockholm Arlanda Apt'], ['Tue 19 Dec · 12:55ARN · Stockholm Arlanda Apt', 'Tue 19 Dec · 14:25MAN · Manchester International Apt'], ['1 personal itemFits under the seat in front of youIncluded', 'Baggage policy:SAS'], ['Cabin bagFrom $12.74Available in the next steps', 'Checked bagFrom $32.92Available in the next steps']]","[['Mon 18 Dec · 16:25HEL · HelsinkiMon 18 Dec · 16:35ARN · Stockholm Arlanda Apt', 'SASOperated by Regional JetSK721 · EconomyFlight time 1h 10mFlight time 1 hour 10 minutes'], ['', 'Layover 20h 20mLayover 20 hours 20 minutes'], ['Tue 19 Dec · 12:55ARN · Stockholm Arlanda AptTue 19 Dec · 14:25MAN · Manchester International Apt', 'SASOperated by Sas ConnectSK2547 · EconomyFlight time 2h 30mFlight time 2 hours 30 minutes']]"
www.booking.com,1 stop · 17h 45m,['1 personal itemFits under the seat in front of youIncluded1 cabin bag9.8 x 13.8 x 21.7 cm · Max weight 26.5\xa0lbsIncluded'],$390.65,"[['KLM', 'KL1170 · Economy', 'Flight time 2h 40m', 'Flight time 2 hours 40 minutes'], ['KLM', 'KL1073 · Economy', 'Flight time 1h 15m', 'Flight time 1 hour 15 minutes']]","[['Mon 18 Dec · 18:10HEL · Helsinki', 'Mon 18 Dec · 19:50AMS · Amsterdam'], ['Tue 19 Dec · 09:40AMS · Amsterdam', 'Tue 19 Dec · 09:55MAN · Manchester International Apt'], ['1 personal itemFits under the seat in front of youIncluded1 cabin bag9.8 x 13.8 x 21.7 cm · Max weight 26.5\xa0lbsIncluded', 'Baggage policy:KLM'], ['Checked bagFrom $33.06Available in the next steps']]","[['Mon 18 Dec · 18:10HEL · HelsinkiMon 18 Dec · 19:50AMS · Amsterdam', 'KLMKL1170 · EconomyFlight time 2h 40mFlight time 2 hours 40 minutes'], ['', 'Layover 13h 50mLayover 13 hours 50 minutes'], ['Tue 19 Dec · 09:40AMS · AmsterdamTue 19 Dec · 09:55MAN · Manchester International Apt', 'KLMKL1073 · EconomyFlight time 1h 15mFlight time 1 hour 15 minutes']]"
www.booking.com,1 stop · 17h 00m,['1 cabin bag9.8 x 13.8 x 21.7 cm · Max weight 26.5\xa0lbsIncluded'],$390.65,"[['Air France', 'AF1177 · Economy', 'Flight time 3h 25m', 'Flight time 3 hours 25 minutes'], ['Air France', 'AF1268 · Economy', 'Flight time 1h 30m', 'Flight time 1 hour 30 minutes']]","[['Mon 18 Dec · 06:30HEL · Helsinki', 'Mon 18 Dec · 08:55CDG · Paris Charles De Gaulle Apt'], ['Mon 18 Dec · 21:00CDG · Paris Charles De Gaulle Apt', 'Mon 18 Dec · 21:30MAN · Manchester International Apt'], ['1 cabin bag9.8 x 13.8 x 21.7 cm · Max weight 26.5\xa0lbsIncluded', 'Baggage policy:Air France'], ['Checked bagFrom $38.23Available in the next steps']]","[['Mon 18 Dec · 06:30HEL · HelsinkiMon 18 Dec · 08:55CDG · Paris Charles De Gaulle Apt', 'Air FranceAF1177 · EconomyFlight time 3h 25mFlight time 3 hours 25 minutes'], ['', 'Layover 12h 05mLayover 12 hours 05 minutes'], ['Mon 18 Dec · 21:00CDG · Paris Charles De Gaulle AptMon 18 Dec · 21:30MAN · Manchester International Apt', 'Air FranceAF1268 · EconomyFlight time 1h 30mFlight time 1 hour 30 minutes']]"
www.booking.com,1 stop · 12h 45m,['1 personal itemFits under the seat in front of youIncluded1 cabin bag9.8 x 17.7 x 22.1 cmIncluded1 checked bagMax weight 50.7\xa0lbsIncluded'],$390.65,"[['British Airways', 'Operated by Finnair', 'BA6031 · Economy', 'Flight time 3h 20m', 'Flight time 3 hours 20 minutes'], ['British Airways', 'BA1398 · Economy', 'Flight time 1h 05m', 'Flight time 1 hour 05 minutes']]","[['Mon 18 Dec · 07:50HEL · Helsinki', 'Mon 18 Dec · 09:10LHR · London Heathrow Apt'], ['Mon 18 Dec · 17:30LHR · London Heathrow Apt', 'Mon 18 Dec · 18:35MAN · Manchester International Apt'], ['1 personal itemFits under the seat in front of youIncluded1 cabin bag9.8 x 17.7 x 22.1 cmIncluded1 checked bagMax weight 50.7\xa0lbsIncluded', 'Baggage policies:British Airways, Finnair']]","[['Mon 18 Dec · 07:50HEL · HelsinkiMon 18 Dec · 09:10LHR · London Heathrow Apt', 'British AirwaysOperated by FinnairBA6031 · EconomyFlight time 3h 20mFlight time 3 hours 20 minutes'], ['', 'Layover 8h 20mLayover 8 hours 20 minutes'], ['Mon 18 Dec · 17:30LHR · London Heathrow AptMon 18 Dec · 18:35MAN · Manchester International Apt', 'British AirwaysBA1398 · EconomyFlight time 1h 05mFlight time 1 hour 05 minutes']]"
www.booking.com,1 stop · 9h 10m,['1 personal itemFits under the seat in front of youIncluded1 cabin bag9.1 x 15.8 x 21.7 cm · Max weight 17.6\xa0lbsIncluded'],$390.65,"[['Lufthansa', 'LH855 · Economy', 'Flight time 2h 50m', 'Flight time 2 hours 50 minutes'], ['Lufthansa', 'LH938 · Economy', 'Flight time 1h 45m', 'Flight time 1 hour 45 minutes']]","[['Mon 18 Dec · 07:05HEL · Helsinki', 'Mon 18 Dec · 08:55FRA · Frankfurt International Apt'], ['Mon 18 Dec · 13:30FRA · Frankfurt International Apt', 'Mon 18 Dec · 14:15MAN · Manchester International Apt'], ['1 personal itemFits under the seat in front of youIncluded1 cabin bag9.1 x 15.8 x 21.7 cm · Max weight 17.6\xa0lbsIncluded', 'Baggage policy:Lufthansa'], ['Checked bagFrom $29.74Available in the next steps']]","[['Mon 18 Dec · 07:05HEL · HelsinkiMon 18 Dec · 08:55FRA · Frankfurt International Apt', 'LufthansaLH855 · EconomyFlight time 2h 50mFlight time 2 hours 50 minutes'], ['', 'Layover 4h 35mLayover 4 hours 35 minutes'], ['Mon 18 Dec · 13:30FRA · Frankfurt International AptMon 18 Dec · 14:15MAN · Manchester International Apt', 'LufthansaLH938 · EconomyFlight time 1h 45mFlight time 1 hour 45 minutes']]"
www.booking.com,1 stop · 6h 10m,['1 personal itemFits under the seat in front of youIncluded1 cabin bag9.8 x 17.7 x 22.1 cmIncluded1 checked bagMax weight 50.7\xa0lbsIncluded'],$390.65,"[['British Airways', 'Operated by Finnair', 'BA6033 · Economy', 'Flight time 3h 00m', 'Flight time 3 hours 00 minutes'], ['British Airways', 'BA1402 · Economy', 'Flight time 1h 05m', 'Flight time 1 hour 05 minutes']]","[['Mon 18 Dec · 16:00HEL · Helsinki', 'Mon 18 Dec · 17:00LHR · London Heathrow Apt'], ['Mon 18 Dec · 19:05LHR · London Heathrow Apt', 'Mon 18 Dec · 20:10MAN · Manchester International Apt'], ['1 personal itemFits under the seat in front of youIncluded1 cabin bag9.8 x 17.7 x 22.1 cmIncluded1 checked bagMax weight 50.7\xa0lbsIncluded', 'Baggage policies:British Airways, Finnair']]","[['Mon 18 Dec · 16:00HEL · HelsinkiMon 18 Dec · 17:00LHR · London Heathrow Apt', 'British AirwaysOperated by FinnairBA6033 · EconomyFlight time 3h 00mFlight time 3 hours 00 minutes'], ['', 'Layover 2h 05mLayover 2 hours 05 minutes'], ['Mon 18 Dec · 19:05LHR · London Heathrow AptMon 18 Dec · 20:10MAN · Manchester International Apt', 'British AirwaysBA1402 · EconomyFlight time 1h 05mFlight time 1 hour 05 minutes']]"
www.booking.com,1 stop · 22h 00m,['1 personal itemFits under the seat in front of youIncluded1 cabin bag9.8 x 13.8 x 21.7 cm · Max weight 26.5\xa0lbsIncluded'],$192.10,"[['KLM', 'KL1168 · Economy', 'Flight time 2h 35m', 'Flight time 2 hours 35 minutes'], ['KLM', 'KL1073 · Economy', 'Flight time 1h 15m', 'Flight time 1 hour 15 minutes']]","[['Mon 18 Dec · 13:55HEL · Helsinki', 'Mon 18 Dec · 15:30AMS · Amsterdam'], ['Tue 19 Dec · 09:40AMS · Amsterdam', 'Tue 19 Dec · 09:55MAN · Manchester International Apt'], ['1 personal itemFits under the seat in front of youIncluded1 cabin bag9.8 x 13.8 x 21.7 cm · Max weight 26.5\xa0lbsIncluded', 'Baggage policy:KLM'], ['Checked bagFrom $33.06Available in the next steps']]","[['Mon 18 Dec · 13:55HEL · HelsinkiMon 18 Dec · 15:30AMS · Amsterdam', 'KLMKL1168 · EconomyFlight time 2h 35mFlight time 2 hours 35 minutes'], ['', 'Layover 18h 10mLayover 18 hours 10 minutes'], ['Tue 19 Dec · 09:40AMS · AmsterdamTue 19 Dec · 09:55MAN · Manchester International Apt', 'KLMKL1073 · EconomyFlight time 1h 15mFlight time 1 hour 15 minutes']]"
www.booking.com,1 stop · 7h 20m,['1 personal itemFits under the seat in front of youIncluded1 cabin bag9.8 x 17.7 x 22.1 cmIncluded1 checked bagMax weight 50.7\xa0lbsIncluded'],$192.10,"[['British Airways', 'Operated by Finnair', 'BA6033 · Economy', 'Flight time 3h 00m', 'Flight time 3 hours 00 minutes'], ['British Airways', 'BA1388 · Economy', 'Flight time 1h 05m', 'Flight time 1 hour 05 minutes']]","[['Mon 18 Dec · 16:00HEL · Helsinki', 'Mon 18 Dec · 17:00LHR · London Heathrow Apt'], ['Mon 18 Dec · 20:15LHR · London Heathrow Apt', 'Mon 18 Dec · 21:20MAN · Manchester International Apt'], ['1 personal itemFits under the seat in front of youIncluded1 cabin bag9.8 x 17.7 x 22.1 cmIncluded1 checked bagMax weight 50.7\xa0lbsIncluded', 'Baggage policies:British Airways, Finnair']]","[['Mon 18 Dec · 16:00HEL · HelsinkiMon 18 Dec · 17:00LHR · London Heathrow Apt', 'British AirwaysOperated by FinnairBA6033 · EconomyFlight time 3h 00mFlight time 3 hours 00 minutes'], ['', 'Layover 3h 15mLayover 3 hours 15 minutes'], ['Mon 18 Dec · 20:15LHR · London Heathrow AptMon 18 Dec · 21:20MAN · Manchester International Apt', 'British AirwaysBA1388 · EconomyFlight time 1h 05mFlight time 1 hour 05 minutes']]"
www.booking.com,1 stop · 15h 30m,['1 personal itemFits under the seat in front of youIncluded1 cabin bag9.8 x 17.7 x 22.1 cmIncluded1 checked bagMax weight 50.7\xa0lbsIncluded'],$192.10,"[['British Airways', 'Operated by Finnair', 'BA6031 · Economy', 'Flight time 3h 20m', 'Flight time 3 hours 20 minutes'], ['British Airways', 'BA1388 · Economy', 'Flight time 1h 05m', 'Flight time 1 hour 05 minutes']]","[['Mon 18 Dec · 07:50HEL · Helsinki', 'Mon 18 Dec · 09:10LHR · London Heathrow Apt'], ['Mon 18 Dec · 20:15LHR · London Heathrow Apt', 'Mon 18 Dec · 21:20MAN · Manchester International Apt'], ['1 personal itemFits under the seat in front of youIncluded1 cabin bag9.8 x 17.7 x 22.1 cmIncluded1 checked bagMax weight 50.7\xa0lbsIncluded', 'Baggage policies:British Airways, Finnair']]","[['Mon 18 Dec · 07:50HEL · HelsinkiMon 18 Dec · 09:10LHR · London Heathrow Apt', 'British AirwaysOperated by FinnairBA6031 · EconomyFlight time 3h 20mFlight time 3 hours 20 minutes'], ['', 'Layover 11h 05mLayover 11 hours 05 minutes'], ['Mon 18 Dec · 20:15LHR · London Heathrow AptMon 18 Dec · 21:20MAN · Manchester International Apt', 'British AirwaysBA1388 · EconomyFlight time 1h 05mFlight time 1 hour 05 minutes']]"
www.booking.com,2 stops · 17h 35m,['1 cabin bag21.7 x 15.8 x 9.1 cm · Max weight 17.6\xa0lbsIncluded'],$192.10,"[['Air Baltic', 'BT308 · Economy', 'Flight time 1h 00m', 'Flight time 1 hour 00 minutes'], ['Air Baltic', 'BT617 · Economy', 'Flight time 2h 25m', 'Flight time 2 hours 25 minutes'], ['Air Baltic', 'Operated by Klm', 'BT6014 · Economy', 'Flight time 1h 20m', 'Flight time 1 hour 20 minutes']]","[['Mon 18 Dec · 21:20HEL · Helsinki', 'Mon 18 Dec · 22:20RIX · Riga'], ['Tue 19 Dec · 07:35RIX · Riga', 'Tue 19 Dec · 09:00AMS · Amsterdam'], ['Tue 19 Dec · 12:35AMS · Amsterdam', 'Tue 19 Dec · 12:55MAN · Manchester International Apt'], ['1 cabin bag21.7 x 15.8 x 9.1 cm · Max weight 17.6\xa0lbsIncluded', 'Baggage policies:Air Baltic, KLM'], ['Checked bagFrom $58.80Available in the next steps']]","[['Mon 18 Dec · 21:20HEL · HelsinkiMon 18 Dec · 22:20RIX · Riga', 'Air BalticBT308 · EconomyFlight time 1h 00mFlight time 1 hour 00 minutes'], ['', 'Layover 9h 15mLayover 9 hours 15 minutes'], ['Tue 19 Dec · 07:35RIX · RigaTue 19 Dec · 09:00AMS · Amsterdam', 'Air BalticBT617 · EconomyFlight time 2h 25mFlight time 2 hours 25 minutes'], ['', 'Layover 3h 35mLayover 3 hours 35 minutes'], ['Tue 19 Dec · 12:35AMS · AmsterdamTue 19 Dec · 12:55MAN · Manchester International Apt', 'Air BalticOperated by KlmBT6014 · EconomyFlight time 1h 20mFlight time 1 hour 20 minutes']]"
www.booking.com,1 stop · 11h 50m,['1 personal itemFits under the seat in front of youIncluded1 cabin bag9.1 x 15.8 x 21.7 cm · Max weight 17.6\xa0lbsIncluded'],$192.10,"[['Lufthansa', 'LH2465 · Economy', 'Flight time 2h 45m', 'Flight time 2 hours 45 minutes'], ['Lufthansa', 'Operated by Lufthansa Cityline Gmbh', 'LH2504 · Economy', 'Flight time 2h 10m', 'Flight time 2 hours 10 minutes']]","[['Mon 18 Dec · 07:00HEL · Helsinki', 'Mon 18 Dec · 08:45MUC · Munich International Airport'], ['Mon 18 Dec · 15:40MUC · Munich International Airport', 'Mon 18 Dec · 16:50MAN · Manchester International Apt'], ['1 personal itemFits under the seat in front of youIncluded1 cabin bag9.1 x 15.8 x 21.7 cm · Max weight 17.6\xa0lbsIncluded', 'Baggage policy:Lufthansa'], ['Checked bagFrom $29.74Available in the next steps']]","[['Mon 18 Dec · 07:00HEL · HelsinkiMon 18 Dec · 08:45MUC · Munich International Airport', 'LufthansaLH2465 · EconomyFlight time 2h 45mFlight time 2 hours 45 minutes'], ['', 'Layover 6h 55mLayover 6 hours 55 minutes'], ['Mon 18 Dec · 15:40MUC · Munich International AirportMon 18 Dec · 16:50MAN · Manchester International Apt', 'LufthansaOperated by Lufthansa Cityline GmbhLH2504 · EconomyFlight time 2h 10mFlight time 2 hours 10 minutes']]"
www.booking.com,1 stop · 23h 40m,['1 personal itemFits under the seat in front of youIncluded1 cabin bag9.8 x 13.8 x 21.7 cm · Max weight 26.5\xa0lbsIncluded'],$192.10,"[['KLM', 'Operated by KLM Cityhopper', 'KL1166 · Economy', 'Flight time 2h 40m', 'Flight time 2 hours 40 minutes'], ['KLM', 'KL1071 · Economy', 'Flight time 1h 15m', 'Flight time 1 hour 15 minutes']]","[['Mon 18 Dec · 10:40HEL · Helsinki', 'Mon 18 Dec · 12:20AMS · Amsterdam'], ['Tue 19 Dec · 08:05AMS · Amsterdam', 'Tue 19 Dec · 08:20MAN · Manchester International Apt'], ['1 personal itemFits under the seat in front of youIncluded1 cabin bag9.8 x 13.8 x 21.7 cm · Max weight 26.5\xa0lbsIncluded', 'Baggage policy:KLM'], ['Checked bagFrom $33.06Available in the next steps']]","[['Mon 18 Dec · 10:40HEL · HelsinkiMon 18 Dec · 12:20AMS · Amsterdam', 'KLMOperated by KLM CityhopperKL1166 · EconomyFlight time 2h 40mFlight time 2 hours 40 minutes'], ['', 'Layover 19h 45mLayover 19 hours 45 minutes'], ['Tue 19 Dec · 08:05AMS · AmsterdamTue 19 Dec · 08:20MAN · Manchester International Apt', 'KLMKL1071 · EconomyFlight time 1h 15mFlight time 1 hour 15 minutes']]"
www.booking.com,1 stop · 18h 25m,['1 cabin bag9.8 x 13.8 x 21.7 cm · Max weight 26.5\xa0lbsIncluded'],$192.10,"[['Air France', 'AF1071 · Economy', 'Flight time 3h 20m', 'Flight time 3 hours 20 minutes'], ['Air France', 'AF1668 · Economy', 'Flight time 1h 30m', 'Flight time 1 hour 30 minutes']]","[['Mon 18 Dec · 17:40HEL · Helsinki', 'Mon 18 Dec · 20:00CDG · Paris Charles De Gaulle Apt'], ['Tue 19 Dec · 09:35CDG · Paris Charles De Gaulle Apt', 'Tue 19 Dec · 10:05MAN · Manchester International Apt'], ['1 cabin bag9.8 x 13.8 x 21.7 cm · Max weight 26.5\xa0lbsIncluded', 'Baggage policy:Air France'], ['Checked bagFrom $38.06Available in the next steps']]","[['Mon 18 Dec · 17:40HEL · HelsinkiMon 18 Dec · 20:00CDG · Paris Charles De Gaulle Apt', 'Air FranceAF1071 · EconomyFlight time 3h 20mFlight time 3 hours 20 minutes'], ['', 'Layover 13h 35mLayover 13 hours 35 minutes'], ['Tue 19 Dec · 09:35CDG · Paris Charles De Gaulle AptTue 19 Dec · 10:05MAN · Manchester International Apt', 'Air FranceAF1668 · EconomyFlight time 1h 30mFlight time 1 hour 30 minutes']]"
www.booking.com,1 stop · 24h 25m,['1 personal itemFits under the seat in front of youIncluded1 cabin bag9.8 x 13.8 x 21.7 cm · Max weight 26.5\xa0lbsIncluded'],$192.10,"[['KLM', 'KL1170 · Economy', 'Flight time 2h 40m', 'Flight time 2 hours 40 minutes'], ['KLM', 'KL1079 · Economy', 'Flight time 1h 15m', 'Flight time 1 hour 15 minutes']]","[['Mon 18 Dec · 18:10HEL · Helsinki', 'Mon 18 Dec · 19:50AMS · Amsterdam'], ['Tue 19 Dec · 16:20AMS · Amsterdam', 'Tue 19 Dec · 16:35MAN · Manchester International Apt'], ['1 personal itemFits under the seat in front of youIncluded1 cabin bag9.8 x 13.8 x 21.7 cm · Max weight 26.5\xa0lbsIncluded', 'Baggage policy:KLM'], ['Checked bagFrom $33.06Available in the next steps']]","[['Mon 18 Dec · 18:10HEL · HelsinkiMon 18 Dec · 19:50AMS · Amsterdam', 'KLMKL1170 · EconomyFlight time 2h 40mFlight time 2 hours 40 minutes'], ['', 'Layover 20h 30mLayover 20 hours 30 minutes'], ['Tue 19 Dec · 16:20AMS · AmsterdamTue 19 Dec · 16:35MAN · Manchester International Apt', 'KLMKL1079 · EconomyFlight time 1h 15mFlight time 1 hour 15 minutes']]"
www.booking.com,2 stops · 9h 50m,['1 personal itemFits under the seat in front of youIncluded1 cabin bag9.1 x 15.8 x 21.7 cm · Max weight 17.6\xa0lbsIncluded1 checked bagMax weight 50.7\xa0lbsIncluded'],$192.10,"[['Swiss', 'Operated by Xfly For Scandinavian Airlines', 'LX4759 · Economy', 'Flight time 1h 05m', 'Flight time 1 hour 05 minutes'], ['Swiss', 'LX1249 · Economy', 'Flight time 2h 30m', 'Flight time 2 hours 30 minutes'], ['Swiss', 'Operated by Air Baltic', 'LX380 · Economy', 'Flight time 1h 55m', 'Flight time 1 hour 55 minutes']]","[['Mon 18 Dec · 10:15HEL · Helsinki', 'Mon 18 Dec · 10:20ARN · Stockholm Arlanda Apt'], ['Mon 18 Dec · 13:20ARN · Stockholm Arlanda Apt', 'Mon 18 Dec · 15:50ZRH · Zurich Airport'], ['Mon 18 Dec · 17:10ZRH · Zurich Airport', 'Mon 18 Dec · 18:05MAN · Manchester International Apt'], ['1 personal itemFits under the seat in front of youIncluded1 cabin bag9.1 x 15.8 x 21.7 cm · Max weight 17.6\xa0lbsIncluded1 checked bagMax weight 50.7\xa0lbsIncluded', 'Baggage policies:Swiss, SAS, Air Baltic']]","[['Mon 18 Dec · 10:15HEL · HelsinkiMon 18 Dec · 10:20ARN · Stockholm Arlanda Apt', 'SwissOperated by Xfly For Scandinavian AirlinesLX4759 · EconomyFlight time 1h 05mFlight time 1 hour 05 minutes'], ['', 'Layover 3h 00mLayover 3 hours 00 minutes'], ['Mon 18 Dec · 13:20ARN · Stockholm Arlanda AptMon 18 Dec · 15:50ZRH · Zurich Airport', 'SwissLX1249 · EconomyFlight time 2h 30mFlight time 2 hours 30 minutes'], ['', 'Layover 1h 20mLayover 1 hour 20 minutes'], ['Mon 18 Dec · 17:10ZRH · Zurich AirportMon 18 Dec · 18:05MAN · Manchester International Apt', 'SwissOperated by Air BalticLX380 · EconomyFlight time 1h 55mFlight time 1 hour 55 minutes']]"
www.booking.com,1 stop · 12h 10m,['1 personal itemFits under the seat in front of youIncluded1 cabin bag9.1 x 15.8 x 21.7 cm · Max weight 17.6\xa0lbsIncluded'],$192.10,"[['Lufthansa', 'LH855 · Economy', 'Flight time 2h 50m', 'Flight time 2 hours 50 minutes'], ['Lufthansa', 'LH946 · Economy', 'Flight time 1h 45m', 'Flight time 1 hour 45 minutes']]","[['Mon 18 Dec · 07:05HEL · Helsinki', 'Mon 18 Dec · 08:55FRA · Frankfurt International Apt'], ['Mon 18 Dec · 16:30FRA · Frankfurt International Apt', 'Mon 18 Dec · 17:15MAN · Manchester International Apt'], ['1 personal itemFits under the seat in front of youIncluded1 cabin bag9.1 x 15.8 x 21.7 cm · Max weight 17.6\xa0lbsIncluded', 'Baggage policy:Lufthansa'], ['Checked bagFrom $29.74Available in the next steps']]","[['Mon 18 Dec · 07:05HEL · HelsinkiMon 18 Dec · 08:55FRA · Frankfurt International Apt', 'LufthansaLH855 · EconomyFlight time 2h 50mFlight time 2 hours 50 minutes'], ['', 'Layover 7h 35mLayover 7 hours 35 minutes'], ['Mon 18 Dec · 16:30FRA · Frankfurt International AptMon 18 Dec · 17:15MAN · Manchester International Apt', 'LufthansaLH946 · EconomyFlight time 1h 45mFlight time 1 hour 45 minutes']]"
www.booking.com,1 stop · 25h 00m,['1 personal itemFits under the seat in front of youIncluded1 cabin bag9.8 x 13.8 x 21.7 cm · Max weight 26.5\xa0lbsIncluded'],$192.10,"[['KLM', 'KL1168 · Economy', 'Flight time 2h 35m', 'Flight time 2 hours 35 minutes'], ['KLM', 'Operated by Transavia Aircraft', 'KL1075 · Economy', 'Flight time 1h 20m', 'Flight time 1 hour 20 minutes']]","[['Mon 18 Dec · 13:55HEL · Helsinki', 'Mon 18 Dec · 15:30AMS · Amsterdam'], ['Tue 19 Dec · 12:35AMS · Amsterdam', 'Tue 19 Dec · 12:55MAN · Manchester International Apt'], ['1 personal itemFits under the seat in front of youIncluded1 cabin bag9.8 x 13.8 x 21.7 cm · Max weight 26.5\xa0lbsIncluded', 'Baggage policy:KLM'], ['Checked bagFrom $33.06Available in the next steps']]","[['Mon 18 Dec · 13:55HEL · HelsinkiMon 18 Dec · 15:30AMS · Amsterdam', 'KLMKL1168 · EconomyFlight time 2h 35mFlight time 2 hours 35 minutes'], ['', 'Layover 21h 05mLayover 21 hours 05 minutes'], ['Tue 19 Dec · 12:35AMS · AmsterdamTue 19 Dec · 12:55MAN · Manchester International Apt', 'KLMOperated by Transavia AircraftKL1075 · EconomyFlight time 1h 20mFlight time 1 hour 20 minutes']]"
www.booking.com,1 stop · 7h 55m,['1 personal itemFits under the seat in front of youIncluded1 cabin bag9.8 x 13.8 x 21.7 cm · Max weight 26.5\xa0lbsIncluded'],$192.10,"[['KLM', 'KL1164 · Economy', 'Flight time 2h 45m', 'Flight time 2 hours 45 minutes'], ['KLM', 'Operated by Transavia Airlines', 'KL1075 · Economy', 'Flight time 1h 20m', 'Flight time 1 hour 20 minutes']]","[['Mon 18 Dec · 07:00HEL · Helsinki', 'Mon 18 Dec · 08:45AMS · Amsterdam'], ['Mon 18 Dec · 12:35AMS · Amsterdam', 'Mon 18 Dec · 12:55MAN · Manchester International Apt'], ['1 personal itemFits under the seat in front of youIncluded1 cabin bag9.8 x 13.8 x 21.7 cm · Max weight 26.5\xa0lbsIncluded', 'Baggage policies:KLM, Transavia Airlines']]","[['Mon 18 Dec · 07:00HEL · HelsinkiMon 18 Dec · 08:45AMS · Amsterdam', 'KLMKL1164 · EconomyFlight time 2h 45mFlight time 2 hours 45 minutes'], ['', 'Layover 3h 50mLayover 3 hours 50 minutes'], ['Mon 18 Dec · 12:35AMS · AmsterdamMon 18 Dec · 12:55MAN · Manchester International Apt', 'KLMOperated by Transavia AirlinesKL1075 · EconomyFlight time 1h 20mFlight time 1 hour 20 minutes']]"
www.booking.com,2 stops · 9h 10m,['1 personal itemFits under the seat in front of youIncluded1 cabin bag9.1 x 15.8 x 21.7 cm · Max weight 17.6\xa0lbsIncluded1 checked bagMax weight 50.7\xa0lbsIncluded'],$192.10,"[['Lufthansa', 'Operated by City Jet For Sas Scandinavian Airlines', 'LH6263 · Economy', 'Flight time 1h 45m', 'Flight time 1 hour 45 minutes'], ['Lufthansa', 'LH827 · Economy', 'Flight time 1h 30m', 'Flight time 1 hour 30 minutes'], ['Lufthansa', 'LH946 · Economy', 'Flight time 1h 45m', 'Flight time 1 hour 45 minutes']]","[['Mon 18 Dec · 10:05HEL · Helsinki', 'Mon 18 Dec · 10:50CPH · Copenhagen Apt'], ['Mon 18 Dec · 13:05CPH · Copenhagen Apt', 'Mon 18 Dec · 14:35FRA · Frankfurt International Apt'], ['Mon 18 Dec · 16:30FRA · Frankfurt International Apt', 'Mon 18 Dec · 17:15MAN · Manchester International Apt'], ['1 personal itemFits under the seat in front of youIncluded1 cabin bag9.1 x 15.8 x 21.7 cm · Max weight 17.6\xa0lbsIncluded1 checked bagMax weight 50.7\xa0lbsIncluded', 'Baggage policies:Lufthansa, SAS']]","[['Mon 18 Dec · 10:05HEL · HelsinkiMon 18 Dec · 10:50CPH · Copenhagen Apt', 'LufthansaOperated by City Jet For Sas Scandinavian AirlinesLH6263 · EconomyFlight time 1h 45mFlight time 1 hour 45 minutes'], ['', 'Layover 2h 15mLayover 2 hours 15 minutes'], ['Mon 18 Dec · 13:05CPH · Copenhagen AptMon 18 Dec · 14:35FRA · Frankfurt International Apt', 'LufthansaLH827 · EconomyFlight time 1h 30mFlight time 1 hour 30 minutes'], ['', 'Layover 1h 55mLayover 1 hour 55 minutes'], ['Mon 18 Dec · 16:30FRA · Frankfurt International AptMon 18 Dec · 17:15MAN · Manchester International Apt', 'LufthansaLH946 · EconomyFlight time 1h 45mFlight time 1 hour 45 minutes']]"
www.booking.com,1 stop · 25h 15m,['1 personal itemFits under the seat in front of youIncluded1 cabin bag9.8 x 13.8 x 21.7 cm · Max weight 26.5\xa0lbsIncluded'],$192.10,"[['KLM', 'Operated by KLM Cityhopper', 'KL1166 · Economy', 'Flight time 2h 40m', 'Flight time 2 hours 40 minutes'], ['KLM', 'KL1073 · Economy', 'Flight time 1h 15m', 'Flight time 1 hour 15 minutes']]","[['Mon 18 Dec · 10:40HEL · Helsinki', 'Mon 18 Dec · 12:20AMS · Amsterdam'], ['Tue 19 Dec · 09:40AMS · Amsterdam', 'Tue 19 Dec · 09:55MAN · Manchester International Apt'], ['1 personal itemFits under the seat in front of youIncluded1 cabin bag9.8 x 13.8 x 21.7 cm · Max weight 26.5\xa0lbsIncluded', 'Baggage policy:KLM'], ['Checked bagFrom $33.06Available in the next steps']]","[['Mon 18 Dec · 10:40HEL · HelsinkiMon 18 Dec · 12:20AMS · Amsterdam', 'KLMOperated by KLM CityhopperKL1166 · EconomyFlight time 2h 40mFlight time 2 hours 40 minutes'], ['', 'Layover 21h 20mLayover 21 hours 20 minutes'], ['Tue 19 Dec · 09:40AMS · AmsterdamTue 19 Dec · 09:55MAN · Manchester International Apt', 'KLMKL1073 · EconomyFlight time 1h 15mFlight time 1 hour 15 minutes']]"
www.booking.com,1 stop · 26h 55m,['1 personal itemFits under the seat in front of youIncluded'],$192.10,"[['SAS', 'Operated by Regional Jet', 'SK709 · Economy', 'Flight time 1h 05m', 'Flight time 1 hour 05 minutes'], ['SAS', 'Operated by Sas Connect', 'SK2547 · Economy', 'Flight time 2h 30m', 'Flight time 2 hours 30 minutes']]","[['Mon 18 Dec · 13:30HEL · Helsinki', 'Mon 18 Dec · 13:35ARN · Stockholm Arlanda Apt'], ['Tue 19 Dec · 12:55ARN · Stockholm Arlanda Apt', 'Tue 19 Dec · 14:25MAN · Manchester International Apt'], ['1 personal itemFits under the seat in front of youIncluded', 'Baggage policy:SAS'], ['Cabin bagFrom $12.74Available in the next steps', 'Checked bagFrom $32.92Available in the next steps']]","[['Mon 18 Dec · 13:30HEL · HelsinkiMon 18 Dec · 13:35ARN · Stockholm Arlanda Apt', 'SASOperated by Regional JetSK709 · EconomyFlight time 1h 05mFlight time 1 hour 05 minutes'], ['', 'Layover 23h 20mLayover 23 hours 20 minutes'], ['Tue 19 Dec · 12:55ARN · Stockholm Arlanda AptTue 19 Dec · 14:25MAN · Manchester International Apt', 'SASOperated by Sas ConnectSK2547 · EconomyFlight time 2h 30mFlight time 2 hours 30 minutes']]"
www.booking.com,2 stops · 15h 20m,['1 cabin bag21.7 x 15.8 x 9.1 cm · Max weight 17.6\xa0lbsIncluded'],$258.70,"[['Air Baltic', 'BT302 · Economy', 'Flight time 1h 00m', 'Flight time 1 hour 00 minutes'], ['Air Baltic', 'BT619 · Economy', 'Flight time 2h 25m', 'Flight time 2 hours 25 minutes'], ['Air Baltic', 'Operated by Klm', 'BT6013 · Economy', 'Flight time 1h 15m', 'Flight time 1 hour 15 minutes']]","[['Mon 18 Dec · 08:40HEL · Helsinki', 'Mon 18 Dec · 09:40RIX · Riga'], ['Mon 18 Dec · 17:00RIX · Riga', 'Mon 18 Dec · 18:25AMS · Amsterdam'], ['Mon 18 Dec · 21:45AMS · Amsterdam', 'Mon 18 Dec · 22:00MAN · Manchester International Apt'], ['1 cabin bag21.7 x 15.8 x 9.1 cm · Max weight 17.6\xa0lbsIncluded', 'Baggage policies:Air Baltic, KLM'], ['Checked bagFrom $58.80Available in the next steps']]","[['Mon 18 Dec · 08:40HEL · HelsinkiMon 18 Dec · 09:40RIX · Riga', 'Air BalticBT302 · EconomyFlight time 1h 00mFlight time 1 hour 00 minutes'], ['', 'Layover 7h 20mLayover 7 hours 20 minutes'], ['Mon 18 Dec · 17:00RIX · RigaMon 18 Dec · 18:25AMS · Amsterdam', 'Air BalticBT619 · EconomyFlight time 2h 25mFlight time 2 hours 25 minutes'], ['', 'Layover 3h 20mLayover 3 hours 20 minutes'], ['Mon 18 Dec · 21:45AMS · AmsterdamMon 18 Dec · 22:00MAN · Manchester International Apt', 'Air BalticOperated by KlmBT6013 · EconomyFlight time 1h 15mFlight time 1 hour 15 minutes']]"
www.booking.com,2 stops · 28h 05m,[],$258.70,"[['Air Baltic', 'BT306 · Economy', 'Flight time 1h 00m', 'Flight time 1 hour 00 minutes'], ['Air Baltic', 'BT629 · Economy', 'Flight time 2h 45m', 'Flight time 2 hours 45 minutes'], ['Easyjet', 'U23835 · Economy', 'Flight time 2h 15m', 'Flight time 2 hours 15 minutes']]","[['Mon 18 Dec · 15:30HEL · Helsinki', 'Mon 18 Dec · 16:30RIX · Riga'], ['Tue 19 Dec · 11:40RIX · Riga', 'Tue 19 Dec · 13:25MXP · Milan Malpensa Apt'], ['Tue 19 Dec · 16:20MXP · Milan Malpensa Apt', 'Tue 19 Dec · 17:35MAN · Manchester International Apt'], ['Baggage policies:Air Baltic, Easyjet'], ['Cabin bagFrom $28.66Available in the next steps']]","[['Mon 18 Dec · 15:30HEL · HelsinkiMon 18 Dec · 16:30RIX · Riga', 'Air BalticBT306 · EconomyFlight time 1h 00mFlight time 1 hour 00 minutes'], ['', 'Layover 19h 10mLayover 19 hours 10 minutes'], ['Tue 19 Dec · 11:40RIX · RigaTue 19 Dec · 13:25MXP · Milan Malpensa Apt', 'Air BalticBT629 · EconomyFlight time 2h 45mFlight time 2 hours 45 minutes'], ['', 'Layover 2h 55mLayover 2 hours 55 minutes'], ['', 'Protected self transfer'], ['', 'Baggage collection in Milan Malpensa Apt. You must collect and re-check your baggage.'], ['Tue 19 Dec · 16:20MXP · Milan Malpensa AptTue 19 Dec · 17:35MAN · Manchester International Apt', 'EasyjetU23835 · EconomyFlight time 2h 15mFlight time 2 hours 15 minutes']]"
www.booking.com,2 stops · 32h 30m,['1 cabin bag7.9 x 13 x 9.1 cm · Max weight 15.4\xa0lbsIncluded'],$258.70,"[['Air Baltic', 'BT326 · Economy', 'Flight time 1h 00m', 'Flight time 1 hour 00 minutes'], ['Air Baltic', 'BT661 · Economy', 'Flight time 3h 15m', 'Flight time 3 hours 15 minutes'], ['Aer Lingus', 'EI3324 · Economy', 'Flight time 1h 15m', 'Flight time 1 hour 15 minutes']]","[['Mon 18 Dec · 05:20HEL · Helsinki', 'Mon 18 Dec · 06:20RIX · Riga'], ['Mon 18 Dec · 11:10RIX · Riga', 'Mon 18 Dec · 12:25DUB · Dublin'], ['Tue 19 Dec · 10:35DUB · Dublin', 'Tue 19 Dec · 11:50MAN · Manchester International Apt'], ['1 cabin bag7.9 x 13 x 9.1 cm · Max weight 15.4\xa0lbsIncluded', 'Baggage policies:Air Baltic, Aer Lingus']]","[['Mon 18 Dec · 05:20HEL · HelsinkiMon 18 Dec · 06:20RIX · Riga', 'Air BalticBT326 · EconomyFlight time 1h 00mFlight time 1 hour 00 minutes'], ['', 'Layover 4h 50mLayover 4 hours 50 minutes'], ['Mon 18 Dec · 11:10RIX · RigaMon 18 Dec · 12:25DUB · Dublin', 'Air BalticBT661 · EconomyFlight time 3h 15mFlight time 3 hours 15 minutes'], ['', 'Layover 22h 10mLayover 22 hours 10 minutes'], ['', 'Protected self transfer'], ['', 'Baggage collection in Dublin. You must collect and re-check your baggage.'], ['Tue 19 Dec · 10:35DUB · DublinTue 19 Dec · 11:50MAN · Manchester International Apt', 'Aer LingusEI3324 · EconomyFlight time 1h 15mFlight time 1 hour 15 minutes']]"
www.booking.com,2 stops · 9h 15m,['1 personal itemFits under the seat in front of youIncluded1 cabin bag9.1 x 15.8 x 21.7 cm · Max weight 17.6\xa0lbsIncluded'],$258.70,"[['Lufthansa', 'LH2465 · Economy', 'Flight time 2h 45m', 'Flight time 2 hours 45 minutes'], ['Lufthansa', 'LH101 · Economy', 'Flight time 1h 05m', 'Flight time 1 hour 05 minutes'], ['Lufthansa', 'LH938 · Economy', 'Flight time 1h 45m', 'Flight time 1 hour 45 minutes']]","[['Mon 18 Dec · 07:00HEL · Helsinki', 'Mon 18 Dec · 08:45MUC · Munich International Airport'], ['Mon 18 Dec · 10:00MUC · Munich International Airport', 'Mon 18 Dec · 11:05FRA · Frankfurt International Apt'], ['Mon 18 Dec · 13:30FRA · Frankfurt International Apt', 'Mon 18 Dec · 14:15MAN · Manchester International Apt'], ['1 personal itemFits under the seat in front of youIncluded1 cabin bag9.1 x 15.8 x 21.7 cm · Max weight 17.6\xa0lbsIncluded', 'Baggage policy:Lufthansa'], ['Checked bagFrom $29.74Available in the next steps']]","[['Mon 18 Dec · 07:00HEL · HelsinkiMon 18 Dec · 08:45MUC · Munich International Airport', 'LufthansaLH2465 · EconomyFlight time 2h 45mFlight time 2 hours 45 minutes'], ['', 'Layover 1h 15mLayover 1 hour 15 minutes'], ['Mon 18 Dec · 10:00MUC · Munich International AirportMon 18 Dec · 11:05FRA · Frankfurt International Apt', 'LufthansaLH101 · EconomyFlight time 1h 05mFlight time 1 hour 05 minutes'], ['', 'Layover 2h 25mLayover 2 hours 25 minutes'], ['Mon 18 Dec · 13:30FRA · Frankfurt International AptMon 18 Dec · 14:15MAN · Manchester International Apt', 'LufthansaLH938 · EconomyFlight time 1h 45mFlight time 1 hour 45 minutes']]"
www.booking.com,2 stops · 9h 15m,['1 personal itemFits under the seat in front of youIncluded1 cabin bag9.1 x 15.8 x 21.7 cm · Max weight 17.6\xa0lbsIncluded'],$258.70,"[['Lufthansa', 'LH2465 · Economy', 'Flight time 2h 45m', 'Flight time 2 hours 45 minutes'], ['Lufthansa', 'LH103 · Economy', 'Flight time 1h 05m', 'Flight time 1 hour 05 minutes'], ['Lufthansa', 'LH938 · Economy', 'Flight time 1h 45m', 'Flight time 1 hour 45 minutes']]","[['Mon 18 Dec · 07:00HEL · Helsinki', 'Mon 18 Dec · 08:45MUC · Munich International Airport'], ['Mon 18 Dec · 11:00MUC · Munich International Airport', 'Mon 18 Dec · 12:05FRA · Frankfurt International Apt'], ['Mon 18 Dec · 13:30FRA · Frankfurt International Apt', 'Mon 18 Dec · 14:15MAN · Manchester International Apt'], ['1 personal itemFits under the seat in front of youIncluded1 cabin bag9.1 x 15.8 x 21.7 cm · Max weight 17.6\xa0lbsIncluded', 'Baggage policy:Lufthansa'], ['Checked bagFrom $29.74Available in the next steps']]","[['Mon 18 Dec · 07:00HEL · HelsinkiMon 18 Dec · 08:45MUC · Munich International Airport', 'LufthansaLH2465 · EconomyFlight time 2h 45mFlight time 2 hours 45 minutes'], ['', 'Layover 2h 15mLayover 2 hours 15 minutes'], ['Mon 18 Dec · 11:00MUC · Munich International AirportMon 18 Dec · 12:05FRA · Frankfurt International Apt', 'LufthansaLH103 · EconomyFlight time 1h 05mFlight time 1 hour 05 minutes'], ['', 'Layover 1h 25mLayover 1 hour 25 minutes'], ['Mon 18 Dec · 13:30FRA · Frankfurt International AptMon 18 Dec · 14:15MAN · Manchester International Apt', 'LufthansaLH938 · EconomyFlight time 1h 45mFlight time 1 hour 45 minutes']]"
www.booking.com,2 stops · 20h 25m,['1 cabin bag21.7 x 15.8 x 9.1 cm · Max weight 17.6\xa0lbsIncluded'],$258.70,"[['Air Baltic', 'BT306 · Economy', 'Flight time 1h 00m', 'Flight time 1 hour 00 minutes'], ['Air Baltic', 'BT617 · Economy', 'Flight time 2h 25m', 'Flight time 2 hours 25 minutes'], ['Air Baltic', 'Operated by KLM', 'BT6012 · Economy', 'Flight time 1h 15m', 'Flight time 1 hour 15 minutes']]","[['Mon 18 Dec · 15:30HEL · Helsinki', 'Mon 18 Dec · 16:30RIX · Riga'], ['Tue 19 Dec · 07:35RIX · Riga', 'Tue 19 Dec · 09:00AMS · Amsterdam'], ['Tue 19 Dec · 09:40AMS · Amsterdam', 'Tue 19 Dec · 09:55MAN · Manchester International Apt'], ['1 cabin bag21.7 x 15.8 x 9.1 cm · Max weight 17.6\xa0lbsIncluded', 'Baggage policies:Air Baltic, KLM'], ['Checked bagFrom $43.54Available in the next steps']]","[['Mon 18 Dec · 15:30HEL · HelsinkiMon 18 Dec · 16:30RIX · Riga', 'Air BalticBT306 · EconomyFlight time 1h 00mFlight time 1 hour 00 minutes'], ['', 'Layover 15h 05mLayover 15 hours 05 minutes'], ['Tue 19 Dec · 07:35RIX · RigaTue 19 Dec · 09:00AMS · Amsterdam', 'Air BalticBT617 · EconomyFlight time 2h 25mFlight time 2 hours 25 minutes'], ['', 'Layover 40mLayover 40 minutes'], ['Tue 19 Dec · 09:40AMS · AmsterdamTue 19 Dec · 09:55MAN · Manchester International Apt', 'Air BalticOperated by KLMBT6012 · EconomyFlight time 1h 15mFlight time 1 hour 15 minutes']]"
www.booking.com,2 stops · 20h 25m,['1 cabin bag21.7 x 15.8 x 9.1 cm · Max weight 17.6\xa0lbsIncluded'],$258.70,"[['Air Baltic', 'BT306 · Economy', 'Flight time 1h 00m', 'Flight time 1 hour 00 minutes'], ['Air Baltic', 'BT619 · Economy', 'Flight time 2h 25m', 'Flight time 2 hours 25 minutes'], ['Air Baltic', 'Operated by KLM', 'BT6012 · Economy', 'Flight time 1h 15m', 'Flight time 1 hour 15 minutes']]","[['Mon 18 Dec · 15:30HEL · Helsinki', 'Mon 18 Dec · 16:30RIX · Riga'], ['Mon 18 Dec · 17:00RIX · Riga', 'Mon 18 Dec · 18:25AMS · Amsterdam'], ['Tue 19 Dec · 09:40AMS · Amsterdam', 'Tue 19 Dec · 09:55MAN · Manchester International Apt'], ['1 cabin bag21.7 x 15.8 x 9.1 cm · Max weight 17.6\xa0lbsIncluded', 'Baggage policies:Air Baltic, KLM'], ['Checked bagFrom $43.54Available in the next steps']]","[['Mon 18 Dec · 15:30HEL · HelsinkiMon 18 Dec · 16:30RIX · Riga', 'Air BalticBT306 · EconomyFlight time 1h 00mFlight time 1 hour 00 minutes'], ['', 'Layover 30mLayover 30 minutes'], ['Mon 18 Dec · 17:00RIX · RigaMon 18 Dec · 18:25AMS · Amsterdam', 'Air BalticBT619 · EconomyFlight time 2h 25mFlight time 2 hours 25 minutes'], ['', 'Layover 15h 15mLayover 15 hours 15 minutes'], ['Tue 19 Dec · 09:40AMS · AmsterdamTue 19 Dec · 09:55MAN · Manchester International Apt', 'Air BalticOperated by KLMBT6012 · EconomyFlight time 1h 15mFlight time 1 hour 15 minutes']]"
www.booking.com,2 stops · 15h 40m,['1 personal itemFits under the seat in front of youIncluded1 cabin bag9.1 x 15.8 x 21.7 cm · Max weight 17.6\xa0lbsIncluded1 checked bagMax weight 50.7\xa0lbsIncluded'],$258.70,"[['Swiss', 'Operated by Sas', 'LX4781 · Economy', 'Flight time 1h 45m', 'Flight time 1 hour 45 minutes'], ['Swiss', 'LX1273 · Economy', 'Flight time 1h 45m', 'Flight time 1 hour 45 minutes'], ['Swiss', 'Operated by Helvetic Airways', 'LX390 · Economy', 'Flight time 2h 00m', 'Flight time 2 hours 00 minutes']]","[['Mon 18 Dec · 18:20HEL · Helsinki', 'Mon 18 Dec · 19:05CPH · Copenhagen Apt'], ['Mon 18 Dec · 20:00CPH · Copenhagen Apt', 'Mon 18 Dec · 21:45ZRH · Zurich Airport'], ['Tue 19 Dec · 07:00ZRH · Zurich Airport', 'Tue 19 Dec · 08:00MAN · Manchester International Apt'], ['1 personal itemFits under the seat in front of youIncluded1 cabin bag9.1 x 15.8 x 21.7 cm · Max weight 17.6\xa0lbsIncluded1 checked bagMax weight 50.7\xa0lbsIncluded', 'Baggage policies:Swiss, SAS, Helvetic Airways']]","[['Mon 18 Dec · 18:20HEL · HelsinkiMon 18 Dec · 19:05CPH · Copenhagen Apt', 'SwissOperated by SasLX4781 · EconomyFlight time 1h 45mFlight time 1 hour 45 minutes'], ['', 'Layover 55mLayover 55 minutes'], ['Mon 18 Dec · 20:00CPH · Copenhagen AptMon 18 Dec · 21:45ZRH · Zurich Airport', 'SwissLX1273 · EconomyFlight time 1h 45mFlight time 1 hour 45 minutes'], ['', 'Layover 9h 15mLayover 9 hours 15 minutes'], ['Tue 19 Dec · 07:00ZRH · Zurich AirportTue 19 Dec · 08:00MAN · Manchester International Apt', 'SwissOperated by Helvetic AirwaysLX390 · EconomyFlight time 2h 00mFlight time 2 hours 00 minutes']]"
www.booking.com,2 stops · 30h 00m,['1 cabin bag7.9 x 13 x 9.1 cm · Max weight 15.4\xa0lbsIncluded'],$258.70,"[['Air Baltic', 'BT326 · Economy', 'Flight time 1h 00m', 'Flight time 1 hour 00 minutes'], ['Air Baltic', 'BT661 · Economy', 'Flight time 3h 15m', 'Flight time 3 hours 15 minutes'], ['Aer Lingus', 'EI3322 · Economy', 'Flight time 1h 15m', 'Flight time 1 hour 15 minutes']]","[['Mon 18 Dec · 05:20HEL · Helsinki', 'Mon 18 Dec · 06:20RIX · Riga'], ['Mon 18 Dec · 11:10RIX · Riga', 'Mon 18 Dec · 12:25DUB · Dublin'], ['Tue 19 Dec · 08:05DUB · Dublin', 'Tue 19 Dec · 09:20MAN · Manchester International Apt'], ['1 cabin bag7.9 x 13 x 9.1 cm · Max weight 15.4\xa0lbsIncluded', 'Baggage policies:Air Baltic, Aer Lingus']]","[['Mon 18 Dec · 05:20HEL · HelsinkiMon 18 Dec · 06:20RIX · Riga', 'Air BalticBT326 · EconomyFlight time 1h 00mFlight time 1 hour 00 minutes'], ['', 'Layover 4h 50mLayover 4 hours 50 minutes'], ['Mon 18 Dec · 11:10RIX · RigaMon 18 Dec · 12:25DUB · Dublin', 'Air BalticBT661 · EconomyFlight time 3h 15mFlight time 3 hours 15 minutes'], ['', 'Layover 19h 40mLayover 19 hours 40 minutes'], ['', 'Protected self transfer'], ['', 'Baggage collection in Dublin. You must collect and re-check your baggage.'], ['Tue 19 Dec · 08:05DUB · DublinTue 19 Dec · 09:20MAN · Manchester International Apt', 'Aer LingusEI3322 · EconomyFlight time 1h 15mFlight time 1 hour 15 minutes']]"
www.booking.com,2 stops · 15h 40m,['1 personal itemFits under the seat in front of youIncluded1 cabin bag9.1 x 15.8 x 21.7 cm · Max weight 17.6\xa0lbsIncluded1 checked bagMax weight 50.7\xa0lbsIncluded'],$258.70,"[['SAS', 'SK1713 · Economy', 'Flight time 1h 45m', 'Flight time 1 hour 45 minutes'], ['Swiss', 'LX1273 · Economy', 'Flight time 1h 45m', 'Flight time 1 hour 45 minutes'], ['Swiss', 'Operated by Helvetic Airways', 'LX390 · Economy', 'Flight time 2h 00m', 'Flight time 2 hours 00 minutes']]","[['Mon 18 Dec · 18:20HEL · Helsinki', 'Mon 18 Dec · 19:05CPH · Copenhagen Apt'], ['Mon 18 Dec · 20:00CPH · Copenhagen Apt', 'Mon 18 Dec · 21:45ZRH · Zurich Airport'], ['Tue 19 Dec · 07:00ZRH · Zurich Airport', 'Tue 19 Dec · 08:00MAN · Manchester International Apt'], ['1 personal itemFits under the seat in front of youIncluded1 cabin bag9.1 x 15.8 x 21.7 cm · Max weight 17.6\xa0lbsIncluded1 checked bagMax weight 50.7\xa0lbsIncluded', 'Baggage policies:SAS, Swiss, Helvetic Airways']]","[['Mon 18 Dec · 18:20HEL · HelsinkiMon 18 Dec · 19:05CPH · Copenhagen Apt', 'SASSK1713 · EconomyFlight time 1h 45mFlight time 1 hour 45 minutes'], ['', 'Layover 55mLayover 55 minutes'], ['Mon 18 Dec · 20:00CPH · Copenhagen AptMon 18 Dec · 21:45ZRH · Zurich Airport', 'SwissLX1273 · EconomyFlight time 1h 45mFlight time 1 hour 45 minutes'], ['', 'Layover 9h 15mLayover 9 hours 15 minutes'], ['Tue 19 Dec · 07:00ZRH · Zurich AirportTue 19 Dec · 08:00MAN · Manchester International Apt', 'SwissOperated by Helvetic AirwaysLX390 · EconomyFlight time 2h 00mFlight time 2 hours 00 minutes']]"
www.booking.com,2 stops · 8h 35m,['1 personal itemFits under the seat in front of youIncluded1 cabin bag9.1 x 15.8 x 21.7 cm · Max weight 17.6\xa0lbsIncluded1 checked bagMax weight 50.7\xa0lbsIncluded'],$258.70,"[['Lufthansa', 'Operated by Regional Jet For Sas Scandinavian Airlines', 'LH6061 · Economy', 'Flight time 1h 05m', 'Flight time 1 hour 05 minutes'], ['Lufthansa', 'LH2415 · Economy', 'Flight time 2h 15m', 'Flight time 2 hours 15 minutes'], ['Lufthansa', 'Operated by Lufthansa Cityline Gmbh', 'LH2504 · Economy', 'Flight time 2h 10m', 'Flight time 2 hours 10 minutes']]","[['Mon 18 Dec · 10:15HEL · Helsinki', 'Mon 18 Dec · 10:20ARN · Stockholm Arlanda Apt'], ['Mon 18 Dec · 12:20ARN · Stockholm Arlanda Apt', 'Mon 18 Dec · 14:35MUC · Munich International Airport'], ['Mon 18 Dec · 15:40MUC · Munich International Airport', 'Mon 18 Dec · 16:50MAN · Manchester International Apt'], ['1 personal itemFits under the seat in front of youIncluded1 cabin bag9.1 x 15.8 x 21.7 cm · Max weight 17.6\xa0lbsIncluded1 checked bagMax weight 50.7\xa0lbsIncluded', 'Baggage policies:Lufthansa, SAS']]","[['Mon 18 Dec · 10:15HEL · HelsinkiMon 18 Dec · 10:20ARN · Stockholm Arlanda Apt', 'LufthansaOperated by Regional Jet For Sas Scandinavian AirlinesLH6061 · EconomyFlight time 1h 05mFlight time 1 hour 05 minutes'], ['', 'Layover 2h 00mLayover 2 hours 00 minutes'], ['Mon 18 Dec · 12:20ARN · Stockholm Arlanda AptMon 18 Dec · 14:35MUC · Munich International Airport', 'LufthansaLH2415 · EconomyFlight time 2h 15mFlight time 2 hours 15 minutes'], ['', 'Layover 1h 05mLayover 1 hour 05 minutes'], ['Mon 18 Dec · 15:40MUC · Munich International AirportMon 18 Dec · 16:50MAN · Manchester International Apt', 'LufthansaOperated by Lufthansa Cityline GmbhLH2504 · EconomyFlight time 2h 10mFlight time 2 hours 10 minutes']]"
www.booking.com,2 stops · 18h 40m,['1 cabin bag21.7 x 15.8 x 9.1 cm · Max weight 17.6\xa0lbsIncluded'],$258.70,"[['Air Baltic', 'BT326 · Economy', 'Flight time 1h 00m', 'Flight time 1 hour 00 minutes'], ['Air Baltic', 'BT617 · Economy', 'Flight time 2h 25m', 'Flight time 2 hours 25 minutes'], ['Air Baltic', 'Operated by Klm', 'BT6013 · Economy', 'Flight time 1h 15m', 'Flight time 1 hour 15 minutes']]","[['Mon 18 Dec · 05:20HEL · Helsinki', 'Mon 18 Dec · 06:20RIX · Riga'], ['Mon 18 Dec · 07:35RIX · Riga', 'Mon 18 Dec · 09:00AMS · Amsterdam'], ['Mon 18 Dec · 21:45AMS · Amsterdam', 'Mon 18 Dec · 22:00MAN · Manchester International Apt'], ['1 cabin bag21.7 x 15.8 x 9.1 cm · Max weight 17.6\xa0lbsIncluded', 'Baggage policies:Air Baltic, KLM'], ['Checked bagFrom $58.80Available in the next steps']]","[['Mon 18 Dec · 05:20HEL · HelsinkiMon 18 Dec · 06:20RIX · Riga', 'Air BalticBT326 · EconomyFlight time 1h 00mFlight time 1 hour 00 minutes'], ['', 'Layover 1h 15mLayover 1 hour 15 minutes'], ['Mon 18 Dec · 07:35RIX · RigaMon 18 Dec · 09:00AMS · Amsterdam', 'Air BalticBT617 · EconomyFlight time 2h 25mFlight time 2 hours 25 minutes'], ['', 'Layover 12h 45mLayover 12 hours 45 minutes'], ['Mon 18 Dec · 21:45AMS · AmsterdamMon 18 Dec · 22:00MAN · Manchester International Apt', 'Air BalticOperated by KlmBT6013 · EconomyFlight time 1h 15mFlight time 1 hour 15 minutes']]"
www.booking.com,2 stops · 18h 40m,['1 cabin bag21.7 x 15.8 x 9.1 cm · Max weight 17.6\xa0lbsIncluded'],$258.70,"[['Air Baltic', 'BT326 · Economy', 'Flight time 1h 00m', 'Flight time 1 hour 00 minutes'], ['Air Baltic', 'BT619 · Economy', 'Flight time 2h 25m', 'Flight time 2 hours 25 minutes'], ['Air Baltic', 'Operated by Klm', 'BT6013 · Economy', 'Flight time 1h 15m', 'Flight time 1 hour 15 minutes']]","[['Mon 18 Dec · 05:20HEL · Helsinki', 'Mon 18 Dec · 06:20RIX · Riga'], ['Mon 18 Dec · 17:00RIX · Riga', 'Mon 18 Dec · 18:25AMS · Amsterdam'], ['Mon 18 Dec · 21:45AMS · Amsterdam', 'Mon 18 Dec · 22:00MAN · Manchester International Apt'], ['1 cabin bag21.7 x 15.8 x 9.1 cm · Max weight 17.6\xa0lbsIncluded', 'Baggage policies:Air Baltic, KLM'], ['Checked bagFrom $58.80Available in the next steps']]","[['Mon 18 Dec · 05:20HEL · HelsinkiMon 18 Dec · 06:20RIX · Riga', 'Air BalticBT326 · EconomyFlight time 1h 00mFlight time 1 hour 00 minutes'], ['', 'Layover 10h 40mLayover 10 hours 40 minutes'], ['Mon 18 Dec · 17:00RIX · RigaMon 18 Dec · 18:25AMS · Amsterdam', 'Air BalticBT619 · EconomyFlight time 2h 25mFlight time 2 hours 25 minutes'], ['', 'Layover 3h 20mLayover 3 hours 20 minutes'], ['Mon 18 Dec · 21:45AMS · AmsterdamMon 18 Dec · 22:00MAN · Manchester International Apt', 'Air BalticOperated by KlmBT6013 · EconomyFlight time 1h 15mFlight time 1 hour 15 minutes']]"
www.booking.com,1 stop · 17h 10m,['1 personal itemFits under the seat in front of youIncluded1 cabin bag9.1 x 15.8 x 21.7 cm · Max weight 17.6\xa0lbsIncluded'],$258.70,"[['Lufthansa', 'LH855 · Economy', 'Flight time 2h 50m', 'Flight time 2 hours 50 minutes'], ['Lufthansa', 'LH948 · Economy', 'Flight time 1h 45m', 'Flight time 1 hour 45 minutes']]","[['Mon 18 Dec · 07:05HEL · Helsinki', 'Mon 18 Dec · 08:55FRA · Frankfurt International Apt'], ['Mon 18 Dec · 21:30FRA · Frankfurt International Apt', 'Mon 18 Dec · 22:15MAN · Manchester International Apt'], ['1 personal itemFits under the seat in front of youIncluded1 cabin bag9.1 x 15.8 x 21.7 cm · Max weight 17.6\xa0lbsIncluded', 'Baggage policy:Lufthansa'], ['Checked bagFrom $29.74Available in the next steps']]","[['Mon 18 Dec · 07:05HEL · HelsinkiMon 18 Dec · 08:55FRA · Frankfurt International Apt', 'LufthansaLH855 · EconomyFlight time 2h 50mFlight time 2 hours 50 minutes'], ['', 'Layover 12h 35mLayover 12 hours 35 minutes'], ['Mon 18 Dec · 21:30FRA · Frankfurt International AptMon 18 Dec · 22:15MAN · Manchester International Apt', 'LufthansaLH948 · EconomyFlight time 1h 45mFlight time 1 hour 45 minutes']]"
www.booking.com,1 stop · 25h 25m,['1 personal itemFits under the seat in front of youIncluded1 cabin bag9.1 x 15.8 x 21.7 cm · Max weight 17.6\xa0lbsIncluded1 checked bagMax weight 50.7\xa0lbsIncluded'],$258.70,"[['SAS', 'Operated by City Jet', 'SK1707 · Premium economy', 'Flight time 1h 45m', 'Flight time 1 hour 45 minutes'], ['SAS', 'Operated by Sas Connect', 'SK539 · Premium economy', 'Flight time 2h 00m', 'Flight time 2 hours 00 minutes']]","[['Mon 18 Dec · 10:05HEL · Helsinki', 'Mon 18 Dec · 10:50CPH · Copenhagen Apt'], ['Tue 19 Dec · 08:30CPH · Copenhagen Apt', 'Tue 19 Dec · 09:30MAN · Manchester International Apt'], ['1 personal itemFits under the seat in front of youIncluded1 cabin bag9.1 x 15.8 x 21.7 cm · Max weight 17.6\xa0lbsIncluded1 checked bagMax weight 50.7\xa0lbsIncluded', 'Baggage policies:SAS, City Jet']]","[['Mon 18 Dec · 10:05HEL · HelsinkiMon 18 Dec · 10:50CPH · Copenhagen Apt', 'SASOperated by City JetSK1707 · Premium economyFlight time 1h 45mFlight time 1 hour 45 minutes'], ['', 'Layover 21h 40mLayover 21 hours 40 minutes'], ['Tue 19 Dec · 08:30CPH · Copenhagen AptTue 19 Dec · 09:30MAN · Manchester International Apt', 'SASOperated by Sas ConnectSK539 · Premium economyFlight time 2h 00mFlight time 2 hours 00 minutes']]"
